Variable_1,Variable_2,Correlacion
vapr_1,vapr_2,0.998875949593809
PHIHOX_M_sl3,PHIHOX_M_sl4,0.9975369899629897
PHIHOX_M_sl6,PHIHOX_M_sl7,0.997530226528973
tavg_1,tavg_12,0.997449067040075
PHIHOX_M_sl2,PHIHOX_M_sl3,0.9974088646049011
vapr_7,vapr_8,0.9972183178947506
PHIKCL_M_sl6,PHIKCL_M_sl7,0.9971936903022945
PHIHOX_M_sl5,PHIHOX_M_sl6,0.9970524001257117
SLTPPT_M_sl1,SLTPPT_M_sl2,0.9968394589626292
CRFVOL_M_sl1,CRFVOL_M_sl2,0.9966183062633115
tmin_1,tmin_2,0.9964986228735058
PHIKCL_M_sl5,PHIKCL_M_sl6,0.9963419802977033
PHIKCL_M_sl4,PHIKCL_M_sl5,0.9961834995712328
SLTPPT_M_sl2,SLTPPT_M_sl3,0.9960696318429727
tavg_1,tavg_2,0.9960039662480814
tmax_1,tmax_2,0.9955626762938553
CLYPPT_M_sl1,CLYPPT_M_sl2,0.9955506750881091
PHIHOX_M_sl4,PHIHOX_M_sl5,0.9955123461683506
PHIHOX_M_sl5,PHIHOX_M_sl7,0.9955069152422362
CLYPPT_M_sl5,CLYPPT_M_sl6,0.9954721320379178
PHIHOX_M_sl2,PHIHOX_M_sl4,0.9954572157703498
tavg_12,tavg_2,0.995198765681647
vapr_1,vapr_12,0.995113390849784
PHIKCL_M_sl3,PHIKCL_M_sl4,0.9948790575507119
PHIKCL_M_sl5,PHIKCL_M_sl7,0.9948031731060772
BLDFIE_M_sl6,BLDFIE_M_sl7,0.9947386636874488
PHIHOX_M_sl1,PHIHOX_M_sl2,0.9947381260607082
SLTPPT_M_sl1,SLTPPT_M_sl3,0.9946522014697584
CECSOL_M_sl6,CECSOL_M_sl7,0.9944445558355638
SLTPPT_M_sl5,SLTPPT_M_sl6,0.9943075037052282
vapr_2,vapr_3,0.994260056716661
PHIKCL_M_sl2,PHIKCL_M_sl3,0.9942513700536835
CRFVOL_M_sl5,CRFVOL_M_sl6,0.9942289674277176
ORCDRC_M_sl6,ORCDRC_M_sl7,0.9942175679267873
CECSOL_M_sl5,CECSOL_M_sl6,0.9941617508555673
OCSTHA_M_100cm,OCSTHA_M_sd4,0.9939098075170055
OCSTHA_M_200cm,OCSTHA_M_sd5,0.9938363900036986
SNDPPT_M_sl2,SNDPPT_M_sl3,0.9937058645390506
vapr_12,vapr_2,0.9936278215978714
SNDPPT_M_sl1,SNDPPT_M_sl2,0.9933348896046221
PHIHOX_M_sl3,PHIHOX_M_sl5,0.993292399587764
CLYPPT_M_sl2,CLYPPT_M_sl3,0.9932911967719321
SLTPPT_M_sl4,SLTPPT_M_sl5,0.9931162176529048
PHIHOX_M_sl1,PHIHOX_M_sl3,0.9929395985245122
ORCDRC_M_sl5,ORCDRC_M_sl6,0.9927868562232349
CLYPPT_M_sl6,CLYPPT_M_sl7,0.9927607510318511
PHIKCL_M_sl4,PHIKCL_M_sl6,0.9927482861259659
SLTPPT_M_sl3,SLTPPT_M_sl4,0.9924842492325184
PHIHOX_M_sl4,PHIHOX_M_sl6,0.992441364174006
CRFVOL_M_sl2,CRFVOL_M_sl3,0.9920087295335788
BLDFIE_M_sl5,BLDFIE_M_sl6,0.991878495883272
PHIKCL_M_sl3,PHIKCL_M_sl5,0.991760913923482
SLTPPT_M_sl6,SLTPPT_M_sl7,0.9916948965632293
vapr_12,vapr_3,0.9916300998562679
CLYPPT_M_sl1,CLYPPT_M_sl3,0.9916213811844198
SNDPPT_M_sl5,SNDPPT_M_sl6,0.9912581570831396
SNDPPT_M_sl1,SNDPPT_M_sl3,0.9911532709665235
PHIKCL_M_sl4,PHIKCL_M_sl7,0.9910269522334658
PHIHOX_M_sl1,PHIHOX_M_sl4,0.9909393572226941
vapr_1,vapr_3,0.9909227375539128
tmax_7,tmax_8,0.9908532191559845
tmin_7,tmin_8,0.9908524713245056
PHIHOX_M_sl4,PHIHOX_M_sl7,0.9906338072666072
PHIHOX_M_sl2,PHIHOX_M_sl5,0.9903699472965952
CRFVOL_M_sl1,CRFVOL_M_sl3,0.9903254312001558
CECSOL_M_sl4,CECSOL_M_sl5,0.9902040049796754
OCSTHA_M_100cm,OCSTHA_M_200cm,0.9902031553519012
OCSTHA_M_200cm,OCSTHA_M_sd4,0.9901983629600584
SLTPPT_M_sl2,SLTPPT_M_sl4,0.9899834005174997
PHIHOX_M_sl3,PHIHOX_M_sl6,0.9899200513491173
PHIKCL_M_sl2,PHIKCL_M_sl4,0.9895938848152095
tavg_7,tavg_8,0.989512684321694
SNDPPT_M_sl6,SNDPPT_M_sl7,0.9892528551389506
CECSOL_M_sl5,CECSOL_M_sl7,0.9889807438009727
tavg_1,tmin_1,0.9888172099409761
OCSTHA_M_30cm,OCSTHA_M_sd2,0.9886678310233803
SLTPPT_M_sl4,SLTPPT_M_sl6,0.9885193554206478
OCSTHA_M_200cm,OCSTHA_M_sd6,0.9882939328405936
tmax_12,tmax_2,0.9882036924491927
OCSTHA_M_sd5,OCSTHA_M_sd6,0.9880853075058438
SLTPPT_M_sl1,SLTPPT_M_sl4,0.9880773806873288
srad_1,srad_12,0.9879861750216772
PHIHOX_M_sl3,PHIHOX_M_sl7,0.9878439317252661
PHIKCL_M_sl3,PHIKCL_M_sl6,0.9877925436010734
CLYPPT_M_sl5,CLYPPT_M_sl7,0.9876851100062713
SLTPPT_M_sl5,SLTPPT_M_sl7,0.9875001486131466
tmax_1,tmax_12,0.9874429324136772
bio1,tavg_10,0.9874129685117018
SNDPPT_M_sl4,SNDPPT_M_sl5,0.9872675744909742
bio13,bio16,0.9871456228593122
tavg_2,tmin_2,0.9871418628303202
tavg_1,tmax_1,0.9870271677067123
OCSTHA_M_100cm,OCSTHA_M_sd3,0.9868717037492757
WWP_M_sl6,WWP_M_sl7,0.9868482045359052
PHIHOX_M_sl2,PHIHOX_M_sl6,0.9868298913003956
WWP_M_sl5,WWP_M_sl6,0.986448759045661
PHIKCL_M_sl2,PHIKCL_M_sl5,0.9864460910700179
CLYPPT_M_sl4,CLYPPT_M_sl5,0.9864278459764437
PHIKCL_M_sl3,PHIKCL_M_sl7,0.9864166709224108
SLTPPT_M_sl3,SLTPPT_M_sl5,0.9863873519874453
tavg_1,tmin_2,0.9862923443603249
tmin_2,tmin_3,0.9860359471365602
tavg_2,tmax_1,0.9859084059963973
tavg_12,tmin_1,0.9857595481068914
OCSTHA_M_sd4,OCSTHA_M_sd5,0.9857073377927952
BLDFIE_M_sl5,BLDFIE_M_sl7,0.9856041202597974
AWCtS_M_sl6,AWCtS_M_sl7,0.9854094369608153
ORCDRC_M_sl5,ORCDRC_M_sl7,0.9852612429174021
PHIHOX_M_sl1,PHIHOX_M_sl5,0.9852555084205805
tavg_2,tmax_2,0.9852061935846427
tavg_12,tmax_1,0.9851179454428487
tmin_1,tmin_12,0.9850272014480379
tavg_12,tmin_2,0.9848471027658704
tmax_11,tmax_12,0.9845926676253266
tavg_11,tavg_12,0.9845408208762865
PHIHOX_M_sl2,PHIHOX_M_sl7,0.9844454595062133
tavg_2,tavg_3,0.9843777243886076
SLTPPT_M_sl2,SLTPPT_M_sl5,0.9838770897445241
tmin_11,tmin_12,0.9837952033483678
bio11,bio6,0.9835515257061759
BLDFIE_M_sl4,BLDFIE_M_sl5,0.983525208837001
AWCtS_M_sl5,AWCtS_M_sl6,0.9835228820834486
CECSOL_M_sl3,CECSOL_M_sl4,0.9833203688951713
CRFVOL_M_sl4,CRFVOL_M_sl5,0.9831134585298282
PHIKCL_M_sl2,PHIKCL_M_sl6,0.9828844181142986
tmax_2,tmax_3,0.9827891644480132
tavg_3,tmin_3,0.9827693379108066
AWCtS_M_sl1,BLDFIE_M_sl1,0.9827334719346331
vapr_11,vapr_12,0.982516089418066
tavg_2,tmin_1,0.9822608716090673
SLTPPT_M_sl1,SLTPPT_M_sl5,0.9820875106116855
PHIKCL_M_sl2,PHIKCL_M_sl7,0.982054703032596
PHIHOX_M_sl1,PHIHOX_M_sl6,0.9815751079778233
OCDENS_M_sl6,OCDENS_M_sl7,0.9814916768840358
CECSOL_M_sl4,CECSOL_M_sl6,0.981480293239722
bio14,bio17,0.9814133218431151
WWP_M_sl5,WWP_M_sl7,0.9813786763344797
tavg_11,tavg_3,0.9812544294809672
CECSOL_M_sl2,CECSOL_M_sl3,0.98124487308768
tavg_11,tavg_2,0.9811663814366722
AWCtS_M_sl2,BLDFIE_M_sl2,0.9808546043964744
WWP_M_sl4,WWP_M_sl5,0.980850616182452
CRFVOL_M_sl6,CRFVOL_M_sl7,0.9806544987397426
SLTPPT_M_sl3,SLTPPT_M_sl6,0.9806094709351478
AWCtS_M_sl3,BLDFIE_M_sl3,0.9804456256118679
bio1,tavg_4,0.9803721252593119
CLYPPT_M_sl4,CLYPPT_M_sl6,0.980328517618674
vapr_11,vapr_4,0.9800639157680044
tavg_3,tmax_3,0.9799565414998515
SLTPPT_M_sl4,SLTPPT_M_sl7,0.9798952823778146
tmin_12,tmin_2,0.9797342246792173
WWP_M_sl2,WWP_M_sl3,0.9793455597786725
OCSTHA_M_sd3,OCSTHA_M_sd4,0.9793394524362836
SNDPPT_M_sl3,SNDPPT_M_sl4,0.9793134395037413
BLDFIE_M_sl3,BLDFIE_M_sl4,0.9791277784863655
PHIHOX_M_sl1,PHIHOX_M_sl7,0.9789189868186027
tmax_11,tmax_3,0.9788421531912784
OCSTHA_M_100cm,OCSTHA_M_sd5,0.978830438699474
OCSTHA_M_30cm,OCSTHA_M_sd3,0.9787850554236205
SLTPPT_M_sl2,SLTPPT_M_sl6,0.9781783300746286
vapr_3,vapr_4,0.9781701760762547
tavg_1,tmax_2,0.9779857857363342
tavg_2,tmax_12,0.9779338104854385
tavg_12,tmax_2,0.9778972652375013
bio11,tavg_2,0.9778251121864456
CRFVOL_M_sl3,CRFVOL_M_sl5,0.9774743012127245
tmax_6,tmax_8,0.9770075358445187
CRFVOL_M_sl4,CRFVOL_M_sl6,0.9766872256512042
vapr_6,vapr_9,0.9766322351132074
SNDPPT_M_sl5,SNDPPT_M_sl7,0.9765786500226971
OCSTHA_M_sd2,OCSTHA_M_sd3,0.9765085945904722
tavg_12,tmax_12,0.9764700996138878
OCDENS_M_sl5,OCDENS_M_sl6,0.9764568793536703
SLTPPT_M_sl1,SLTPPT_M_sl6,0.9763114003457856
CRFVOL_M_sl5,CRFVOL_M_sl7,0.9754513652107161
wind_1,wind_12,0.9754327127702961
AWCtS_M_sl5,AWCtS_M_sl7,0.9753953892772084
srad_11,srad_12,0.9752201246348711
OCDENS_M_sl4,OCDENS_M_sl5,0.9752155472681776
tmax_6,tmax_7,0.9751505645331718
ORCDRC_M_sl4,ORCDRC_M_sl5,0.9750028752788602
bio11,tavg_12,0.9747468685417144
bio6,tmin_2,0.9747426239274448
AWCtS_M_sl4,BLDFIE_M_sl4,0.9744510120145994
CECSOL_M_sl4,CECSOL_M_sl7,0.9743467558357751
CRFVOL_M_sl3,CRFVOL_M_sl6,0.9743057503328213
tavg_12,tmin_12,0.9742028271957961
tavg_1,tmax_12,0.974038175297905
AWCtS_M_sl4,AWCtS_M_sl5,0.9738947710292242
AWCtS_M_sl5,BLDFIE_M_sl5,0.9738617163707948
tavg_4,tmin_4,0.9736596542668134
tavg_1,tavg_11,0.9736323273026571
SNDPPT_M_sl4,SNDPPT_M_sl6,0.9736231375101446
bio11,tavg_3,0.9735174075606988
wind_1,wind_2,0.9734923957359001
vapr_11,vapr_3,0.9732537844656441
wind_7,wind_8,0.9728636325885746
OCDENS_M_sl2,OCDENS_M_sl3,0.9726860290609133
tmax_11,tmax_2,0.9726478810018614
bio6,tmin_1,0.9725010460558955
tavg_3,tmax_2,0.9723840243205889
tavg_12,tavg_3,0.9719079772752106
bio11,tavg_1,0.9718658093151725
CRFVOL_M_sl3,CRFVOL_M_sl4,0.9718361580036488
tavg_1,tmin_12,0.9716762163125807
tavg_2,tmin_3,0.9713816805915462
wind_2,wind_3,0.9711375886745011
AWCtS_M_sl6,BLDFIE_M_sl6,0.97112699574755
SLTPPT_M_sl3,SLTPPT_M_sl7,0.9710955164269314
tmin_1,tmin_3,0.9710245925445374
AWCh2_M_sl3,AWCh3_M_sl3,0.9708782795512341
ORCDRC_M_sl3,OCSTHA_M_sd3,0.9705250314707144
WWP_M_sl4,WWP_M_sl6,0.9705059594172404
ORCDRC_M_sl4,OCSTHA_M_sd4,0.9703908618256726
BLDFIE_M_sl4,BLDFIE_M_sl6,0.9703679197533824
AWCh2_M_sl2,AWCh3_M_sl2,0.9703392384841842
bio11,tavg_11,0.9702604354938421
WWP_M_sl3,WWP_M_sl4,0.9696668579579839
tavg_4,tmax_4,0.9696541892060293
bio11,tmin_2,0.9696444587291843
ORCDRC_M_sl3,ORCDRC_M_sl4,0.9695502585284572
AWCtS_M_sl3,AWCtS_M_sl4,0.9695055575805873
PHIKCL_M_sl1,PHIKCL_M_sl2,0.9694121080138669
CLYPPT_M_sl3,CLYPPT_M_sl4,0.9693612106744014
tavg_3,tmin_2,0.9693289302740423
AWCh1_M_sl6,AWCh1_M_sl7,0.96920219415942
SNDPPT_M_sl2,SNDPPT_M_sl4,0.9688859961203939
AWCtS_M_sl7,BLDFIE_M_sl7,0.9686306491080819
SLTPPT_M_sl2,SLTPPT_M_sl7,0.9684743215298468
AWCh1_M_sl4,AWCh2_M_sl4,0.9682906547990028
tmax_12,tmax_3,0.9682473960760037
tmax_10,tmax_4,0.9682042506719432
tavg_11,tmax_2,0.9681176190512732
CLYPPT_M_sl4,CLYPPT_M_sl7,0.9680245968879936
wind_3,wind_4,0.967620260886853
tavg_1,tavg_3,0.9672206622523097
tavg_11,tmin_2,0.967210558206134
AWCtS_M_sl4,BLDFIE_M_sl5,0.9671794759250502
AWCtS_M_sl6,BLDFIE_M_sl7,0.9671264092983788
SNDPPT_M_sl1,SNDPPT_M_sl4,0.9670532530553636
CRFVOL_M_sl2,CRFVOL_M_sl5,0.9669846648120167
SLTPPT_M_sl1,SLTPPT_M_sl7,0.9668998251789006
AWCh2_M_sl1,AWCh3_M_sl1,0.9668617564689493
CECSOL_M_sl3,CECSOL_M_sl5,0.9667567786544807
AWCh1_M_sl6,AWCh2_M_sl6,0.9665245293928032
bio6,tmin_3,0.966377814643323
AWCh1_M_sl5,AWCh1_M_sl6,0.9663419569781648
tavg_11,tmin_3,0.9661038207920271
bio6,tmin_12,0.9661021645150693
AWCh1_M_sl3,AWCh2_M_sl3,0.9656684112705196
vapr_12,vapr_4,0.9653550679910251
AWCh1_M_sl5,AWCh2_M_sl5,0.9653448377329863
OCSTHA_M_100cm,OCSTHA_M_30cm,0.9653298757254912
BLDFIE_M_sl4,BLDFIE_M_sl7,0.9653141904604894
bio11,tmin_3,0.9652982695528852
tavg_11,tmax_11,0.9652374273351394
tavg_11,tmax_1,0.9650146077713057
CRFVOL_M_sl2,CRFVOL_M_sl6,0.9647846658849298
CRFVOL_M_sl1,CRFVOL_M_sl5,0.9647715377453462
AWCh1_M_sl1,AWCh2_M_sl1,0.96474556089013
AWCtS_M_sl5,BLDFIE_M_sl6,0.9646550096438171
ORCDRC_M_sl4,OCSTHA_M_100cm,0.964356086000699
srad_1,srad_11,0.9642944776385365
ORCDRC_M_sl5,OCSTHA_M_sd5,0.9642853446959292
OCSTHA_M_sd4,OCSTHA_M_sd6,0.9639151090848754
tavg_11,tmax_12,0.9638538392799973
AWCh2_M_sl6,AWCh2_M_sl7,0.9637760893345781
ORCDRC_M_sl2,OCSTHA_M_sd2,0.9635711314155669
tmax_1,tmax_3,0.9635607584543661
AWCtS_M_sl6,BLDFIE_M_sl5,0.963487287976465
tavg_5,tmin_5,0.9631892889896815
tavg_2,tmin_12,0.9630960371488596
tavg_3,tmax_12,0.9630419669289
AWCh2_M_sl4,AWCh3_M_sl4,0.962892298743043
OCSTHA_M_200cm,OCSTHA_M_sd3,0.9628189893211684
AWCh1_M_sl7,AWCh2_M_sl7,0.9627816055388901
CRFVOL_M_sl1,CRFVOL_M_sl6,0.9627605398212625
bio11,tmin_1,0.9626514042167187
vapr_1,vapr_11,0.9624736726132304
AWCh1_M_sl2,AWCh2_M_sl2,0.9623910909556102
tavg_12,tmin_3,0.9621757745896282
AWCtS_M_sl3,BLDFIE_M_sl4,0.9621176080923433
WWP_M_sl4,WWP_M_sl7,0.961928233549657
vapr_11,vapr_2,0.9618904157204344
AWCtS_M_sl7,BLDFIE_M_sl6,0.9615772523531825
OCDENS_M_sl5,OCDENS_M_sl7,0.9615731344511765
tavg_3,tmax_11,0.9613827126132126
vapr_10,vapr_5,0.9611805923558718
BLDFIE_M_sl2,BLDFIE_M_sl3,0.9610637509468728
tavg_11,tmin_11,0.9607650511653256
tmax_1,tmax_11,0.960445428384123
tavg_2,tmax_3,0.9603988027836026
bio1,tmin_4,0.9600096566763963
tavg_5,tmax_5,0.9598835523210753
OCDENS_M_sl3,OCDENS_M_sl4,0.959852744928094
AWCtS_M_sl5,BLDFIE_M_sl7,0.9597632723456667
tavg_11,tmax_3,0.9597272298780926
ORCDRC_M_sl6,OCSTHA_M_sd5,0.9594266997550145
prec_7,prec_8,0.9593716268868729
tavg_3,tmax_1,0.9593662597909394
AWCh1_M_sl7,AWCh2_M_sl6,0.9593216772661094
tavg_11,tmin_1,0.9590557283388397
AWCtS_M_sl4,AWCtS_M_sl6,0.9589300803086727
bio11,tmax_2,0.9586612894568929
AWCh1_M_sl4,AWCh1_M_sl5,0.9585489419137968
tmin_3,tmin_4,0.9585469209909695
tavg_1,tmin_3,0.9585355686361186
CLYPPT_M_sl2,CLYPPT_M_sl4,0.9584267666239695
bio6,tavg_12,0.9582922821975984
ORCDRC_M_sl5,OCSTHA_M_200cm,0.9581634555675789
srad_6,srad_7,0.9580245163195272
AWCh1_M_sl5,AWCh2_M_sl6,0.9580175689626638
ORCDRC_M_sl4,ORCDRC_M_sl6,0.9579362706894622
tavg_6,tmin_6,0.9577867283519645
AWCh2_M_sl6,AWCh3_M_sl6,0.957755714754327
AWCh2_M_sl5,AWCh2_M_sl6,0.9577172494894657
tavg_6,tmax_6,0.9576958296633856
OCSTHA_M_100cm,OCSTHA_M_sd6,0.9576578863678343
wind_11,wind_12,0.9576091141137403
wind_10,wind_11,0.9576017080761822
bio11,tmax_1,0.9575167747645104
AWCh3_M_sl6,AWCh3_M_sl7,0.9574515068850765
PHIKCL_M_sl1,PHIKCL_M_sl3,0.9574371641096389
ORCDRC_M_sl4,OCSTHA_M_200cm,0.9573907131128734
AWCh1_M_sl6,AWCh3_M_sl6,0.9573451609465792
AWCh2_M_sl5,AWCh3_M_sl5,0.9572492967915927
bio6,tavg_1,0.957121712449771
wind_10,wind_9,0.9570620024007627
ORCDRC_M_sl3,OCSTHA_M_100cm,0.9567044681961423
tavg_11,tmin_12,0.9565296903972945
tmin_11,tmin_2,0.9563985556349237
bio6,tavg_2,0.9563896339962373
ORCDRC_M_sl3,OCSTHA_M_30cm,0.9563323953159559
tmax_5,tmax_9,0.9561774724357314
CLYPPT_M_sl1,CLYPPT_M_sl4,0.9561750442093039
CRFVOL_M_sl2,CRFVOL_M_sl4,0.9561423230694649
AWCh1_M_sl6,AWCh2_M_sl5,0.9561165317571184
CECSOL_M_sl2,CECSOL_M_sl4,0.9560983648428975
ORCDRC_M_sl6,OCSTHA_M_sd6,0.9555394125482536
AWCh1_M_sl6,AWCh2_M_sl7,0.9552876057231039
AWCh2_M_sl5,AWCh3_M_sl6,0.9550186795314913
SNDPPT_M_sl3,SNDPPT_M_sl5,0.9548821627108204
ORCDRC_M_sl5,OCSTHA_M_sd4,0.9545809472223984
vapr_2,vapr_4,0.9545587997013529
ORCDRC_M_sl3,OCSTHA_M_sd2,0.9545074530665312
vapr_4,vapr_5,0.9544789348630355
ORCDRC_M_sl4,OCSTHA_M_sd3,0.9544558769045076
bio11,tmax_12,0.9544371893746679
AWCh1_M_sl5,AWCh1_M_sl7,0.9544044879133812
tavg_10,tavg_4,0.9542555876856864
vapr_10,vapr_11,0.954233112580113
wind_5,wind_6,0.9541531613580074
BLDFIE_M_sl3,BLDFIE_M_sl5,0.9541246393504221
CRFVOL_M_sl1,CRFVOL_M_sl4,0.9541211223693999
tmin_12,tmin_3,0.9538768350185917
tmin_1,tmin_11,0.9537061820157308
AWCtS_M_sl2,BLDFIE_M_sl3,0.9534971344844689
AWCh1_M_sl7,AWCh3_M_sl7,0.9533853642913275
srad_7,srad_8,0.9533390309364547
AWCh1_M_sl5,AWCh3_M_sl5,0.9532819011772978
CRFVOL_M_sl4,CRFVOL_M_sl7,0.9531389523162525
AWCh2_M_sl7,AWCh3_M_sl7,0.9530698070052295
AWCtS_M_sl7,BLDFIE_M_sl5,0.952633626317465
AWCh1_M_sl4,AWCh3_M_sl4,0.9526054959531127
AWCtS_M_sl4,BLDFIE_M_sl6,0.9525534392899038
SNDPPT_M_sl4,SNDPPT_M_sl7,0.9525320240993688
bio1,tavg_11,0.9525274309135001
tavg_3,tavg_4,0.9524522344974018
tavg_2,tmax_11,0.9523659663578262
ORCDRC_M_sl2,ORCDRC_M_sl3,0.9522391972840905
ORCDRC_M_sl6,OCSTHA_M_200cm,0.9521346645777885
tmax_1,tmin_1,0.9520772591902718
ORCDRC_M_sl5,OCSTHA_M_sd6,0.952065481317293
tavg_3,tmin_1,0.9520576309043478
bio1,tavg_3,0.9518937356450633
AWCtS_M_sl2,AWCtS_M_sl3,0.9518787286669464
AWCh1_M_sl3,AWCh3_M_sl3,0.9518566271007781
tavg_6,tavg_7,0.9517213680894675
ORCDRC_M_sl7,OCSTHA_M_sd6,0.9516845563160838
bio6,tmin_11,0.9516397817142044
tmin_11,tmin_3,0.9513179030360974
wind_8,wind_9,0.9511052843295502
AWCh2_M_sl6,AWCh3_M_sl7,0.9507578893793512
AWCh2_M_sl6,AWCh3_M_sl5,0.9507323706731831
tmax_1,tmin_2,0.9506540872098775
AWCh3_M_sl5,AWCh3_M_sl6,0.9506321112116034
OCSTHA_M_100cm,OCSTHA_M_sd2,0.9506031983229524
AWCtS_M_sl4,AWCtS_M_sl7,0.9502592455043826
ORCDRC_M_sl7,OCSTHA_M_sd5,0.9499606281909903
ORCDRC_M_sl4,OCSTHA_M_sd5,0.9498433576876807
AWCtS_M_sl4,BLDFIE_M_sl3,0.9492964929466791
CRFVOL_M_sl3,CRFVOL_M_sl7,0.9489142262357024
CECSOL_M_sl3,CECSOL_M_sl6,0.9488709766062104
AWCh2_M_sl7,AWCh3_M_sl6,0.9487783670782305
vapr_1,vapr_4,0.9487509020029734
AWCh1_M_sl2,AWCh3_M_sl2,0.9487295441036615
AWCtS_M_sl4,BLDFIE_M_sl7,0.948593343523606
tavg_12,tmin_11,0.9482196949846565
tavg_12,tmax_11,0.948189041078958
tmax_3,tmax_4,0.9481566143656178
WWP_M_sl1,WWP_M_sl2,0.9481375659067602
ORCDRC_M_sl2,OCSTHA_M_30cm,0.9479808200506878
AWCh1_M_sl5,AWCh2_M_sl4,0.9478249006444418
AWCh1_M_sl4,AWCh2_M_sl5,0.947698163207037
ORCDRC_M_sl4,ORCDRC_M_sl7,0.9476319663401807
vapr_6,vapr_8,0.947565847868233
wind_4,wind_5,0.9475487376817398
CLYPPT_M_sl3,CLYPPT_M_sl5,0.9473911069737904
vapr_6,vapr_7,0.9473488908506725
tavg_6,tmax_7,0.9471778350208165
AWCh1_M_sl7,AWCh3_M_sl6,0.9471261081819117
srad_1,srad_2,0.9471184639822645
bio11,tmin_12,0.9468501322326652
PHIKCL_M_sl1,PHIKCL_M_sl4,0.9468301398765205
AWCh2_M_sl4,AWCh3_M_sl5,0.9467763978007412
AWCh2_M_sl4,AWCh2_M_sl5,0.9467657940753914
AWCtS_M_sl5,BLDFIE_M_sl4,0.946614901052551
vapr_8,vapr_9,0.9465856612313126
bio6,tavg_11,0.9464709362207101
BLDFIE_M_sl1,BLDFIE_M_sl2,0.9462247667630612
AWCh1_M_sl5,AWCh3_M_sl6,0.9461223279022284
WWP_M_sl3,WWP_M_sl5,0.9460573168714954
AWCh1_M_sl7,AWCh2_M_sl5,0.945836614075705
prec_1,prec_2,0.9456570329208172
ORCDRC_M_sl3,OCSTHA_M_sd4,0.9455386661025659
tavg_6,tmax_8,0.9453058338891264
tmax_2,tmin_2,0.9451815977086567
AWCtS_M_sl3,BLDFIE_M_sl5,0.9449190168475129
tavg_12,tmax_3,0.9448855140736274
bio1,tmax_4,0.9448488359443132
bio11,tmax_3,0.9448214105573354
tmax_10,tmax_11,0.9446985876331009
AWCh1_M_sl4,AWCh1_M_sl6,0.944598081673585
ORCDRC_M_sl7,OCSTHA_M_200cm,0.9444042216262797
AWCh1_M_sl1,AWCh3_M_sl1,0.9443843085748701
AWCh2_M_sl5,AWCh3_M_sl4,0.9443797508268944
OCDENS_M_sl4,OCDENS_M_sl6,0.9443717422895204
ORCDRC_M_sl5,OCSTHA_M_100cm,0.9442544706035583
AWCh2_M_sl5,AWCh2_M_sl7,0.9442429309668385
tavg_6,tavg_8,0.9441237016366598
WWP_M_sl2,WWP_M_sl4,0.9437087909898344
bio6,tavg_3,0.9435963236371523
bio10,bio5,0.943512918090871
AWCh1_M_sl6,AWCh3_M_sl5,0.9435027993220264
AWCh1_M_sl5,AWCh2_M_sl7,0.9427204288049181
tmax_12,tmin_2,0.942305037404945
prec_2,prec_3,0.9420501491342748
OCSTHA_M_sd3,OCSTHA_M_sd5,0.9420057894467905
AWCh1_M_sl6,AWCh3_M_sl7,0.9418093492526477
PHIKCL_M_sl1,PHIKCL_M_sl5,0.9417297186440162
wind_12,wind_2,0.9416794107626247
bio4,bio7,0.9414754370780671
tavg_10,tmax_10,0.9413810775868673
tmin_11,vapr_11,0.9413214797502361
AWCtS_M_sl3,AWCtS_M_sl5,0.9412396839033497
CLYPPT_M_sl3,CLYPPT_M_sl6,0.9408424475997892
AWCh2_M_sl7,AWCh3_M_sl5,0.9404269521477577
AWCh2_M_sl5,AWCh3_M_sl7,0.9402737414442766
tavg_4,tmax_3,0.940061170913549
CECSOL_M_sl3,CECSOL_M_sl7,0.939994044958636
BLDFIE_M_sl3,BLDFIE_M_sl6,0.9399801186177925
SNDPPT_M_sl2,SNDPPT_M_sl5,0.9397987700022955
SNDPPT_M_sl1,SNDPPT_M_sl5,0.9397857822993272
SNDPPT_M_sl3,SNDPPT_M_sl6,0.9397524606330548
CRFVOL_M_sl2,CRFVOL_M_sl7,0.939411211127202
AWCh2_M_sl4,AWCh2_M_sl6,0.9393936010385892
AWCh1_M_sl3,AWCh1_M_sl4,0.9393091221779873
tavg_1,tmax_3,0.9392593585055342
tmax_12,tmin_1,0.9389967859272277
tmax_2,tmin_1,0.9389572953854938
tavg_3,tmin_4,0.9387155363131832
ORCDRC_M_sl6,OCSTHA_M_sd4,0.9384827865281663
OCDENS_M_sl2,OCSTHA_M_sd2,0.938403442988975
OCSTHA_M_30cm,OCSTHA_M_sd4,0.9382009930491672
tavg_1,tmax_11,0.9379703631963251
PHIKCL_M_sl1,PHIKCL_M_sl6,0.9374677046293775
tavg_1,tmin_11,0.9373962382201675
bio11,tmax_11,0.9373724195264472
tavg_10,tavg_11,0.9372645311129143
BLDFIE_M_sl3,BLDFIE_M_sl7,0.9372566764315928
CRFVOL_M_sl1,CRFVOL_M_sl7,0.9371979938925105
tavg_2,tmin_11,0.9370705032416383
PHIKCL_M_sl1,PHIKCL_M_sl7,0.9370495923834105
AWCh1_M_sl4,AWCh2_M_sl6,0.9366579444280865
AWCtS_M_sl1,AWCtS_M_sl2,0.9365397960579784
bio1,tmax_10,0.9364461432089384
BLDFIE_M_sl2,OCDENS_M_sl2,0.9364302126064702
AWCh1_M_sl4,AWCh3_M_sl5,0.9361186799824601
srad_10,srad_11,0.9359077982358505
AWCh3_M_sl4,AWCh3_M_sl5,0.9359030442184724
tavg_8,tmin_7,0.9354694740353611
bio1,tmax_3,0.9353367874704576
tavg_7,tmin_7,0.9351777395894001
wind_6,wind_7,0.9350183749404367
AWCh3_M_sl5,AWCh3_M_sl7,0.9347846823655106
tavg_4,tmax_10,0.9347610878233324
tmin_10,tmin_11,0.9346257232457301
vapr_7,vapr_9,0.9344508498633705
AWCh1_M_sl4,AWCh1_M_sl7,0.9343713444965376
AWCh1_M_sl7,AWCh3_M_sl5,0.9338543209639512
tmin_12,vapr_12,0.9338487428136415
AWCh1_M_sl5,AWCh3_M_sl4,0.9336967580915791
bio10,tavg_9,0.9335443603581044
tmin_11,vapr_12,0.9334608125462421
bio1,tmin_3,0.9332282344061391
tavg_10,tmin_10,0.9332178611865162
AWCh2_M_sl3,AWCh2_M_sl4,0.9331760283225063
tmax_1,tmin_12,0.9330197872948889
CLYPPT_M_sl1,CLYPPT_M_sl5,0.9329869020962841
AWCh2_M_sl4,AWCh3_M_sl6,0.9328788417115522
tmin_4,tmin_5,0.9325101178734166
CECSOL_M_sl2,CECSOL_M_sl5,0.9322772122204014
CLYPPT_M_sl2,CLYPPT_M_sl5,0.9322325399760263
AWCh2_M_sl3,AWCh3_M_sl4,0.932193036796875
tavg_3,tmin_12,0.9321470854229987
tmin_8,tmin_9,0.9319958593415543
bio5,tmax_8,0.9318453276803437
AWCh2_M_sl6,AWCh3_M_sl4,0.9318358275971164
AWCh3_M_sl3,AWCh3_M_sl4,0.9316760900405551
AWCh1_M_sl6,AWCh2_M_sl4,0.9314624620147558
bio11,tmin_11,0.9313633651699613
AWCtS_M_sl6,BLDFIE_M_sl4,0.930960546434969
ORCDRC_M_sl3,OCSTHA_M_200cm,0.9309070177039045
OCDENS_M_sl3,OCSTHA_M_sd2,0.93035912926559
AWCh1_M_sl3,AWCh2_M_sl4,0.9303336525616883
OCDENS_M_sl4,OCDENS_M_sl7,0.9302717107707048
BLDFIE_M_sl2,OCDENS_M_sl3,0.9302578271205775
AWCh3_M_sl4,AWCh3_M_sl6,0.9302338717302466
tavg_4,tmin_3,0.9298752523526271
tavg_8,tmin_8,0.9298648291834768
ORCDRC_M_sl6,OCSTHA_M_100cm,0.9298067608763156
AWCtS_M_sl3,BLDFIE_M_sl6,0.9295875420394666
WWP_M_sl3,WWP_M_sl6,0.9295216589430524
prec_1,prec_12,0.9294668729642442
tmin_12,vapr_1,0.9294397653118286
vapr_10,vapr_4,0.9293878230291421
AWCh1_M_sl5,AWCh3_M_sl7,0.9293281562209751
tavg_7,tmax_7,0.929321574016614
vapr_11,vapr_5,0.9291633674517988
bio3,bio4,0.9289261812374022
AWCh2_M_sl2,AWCh2_M_sl3,0.9285975956286099
AWCtS_M_sl2,BLDFIE_M_sl1,0.9285907849674176
AWCh1_M_sl2,AWCh1_M_sl3,0.9284634587957598
ORCDRC_M_sl4,OCSTHA_M_sd6,0.9283175766560564
OCSTHA_M_200cm,OCSTHA_M_30cm,0.9281666383794818
CLYPPT_M_sl3,CLYPPT_M_sl7,0.9281024531014396
BLDFIE_M_sl2,BLDFIE_M_sl4,0.9280636685330524
tmax_2,tmin_3,0.9279154695821842
CLYPPT_M_sl1,CLYPPT_M_sl6,0.9278041490201658
tavg_3,tmin_11,0.9276703919316477
tavg_10,tmin_4,0.9275657914804747
AWCh1_M_sl4,AWCh2_M_sl3,0.9274762590622065
AWCtS_M_sl3,BLDFIE_M_sl7,0.9274322046632811
AWCh2_M_sl4,AWCh3_M_sl3,0.9273760918243592
BLDFIE_M_sl3,OCDENS_M_sl3,0.9273484024926042
tavg_10,tmax_4,0.9270485806802248
AWCtS_M_sl3,BLDFIE_M_sl2,0.9269604193831962
ORCDRC_M_sl7,OCSTHA_M_sd4,0.9268158172063183
AWCh2_M_sl3,AWCh3_M_sl2,0.9265435730545071
AWCh2_M_sl4,AWCh2_M_sl7,0.9264807922615474
AWCh3_M_sl2,AWCh3_M_sl3,0.9264591009130024
vapr_10,vapr_9,0.9263709570152732
tmax_10,tmax_3,0.926368956522677
tmax_3,tmin_3,0.9262993056882435
AWCh1_M_sl4,AWCh3_M_sl6,0.9261069941006386
AWCtS_M_sl3,AWCtS_M_sl6,0.9259564843988913
CLYPPT_M_sl2,CLYPPT_M_sl6,0.925828221256238
tmin_12,vapr_2,0.9258115075426132
PHIHOX_M_sl7,PHIKCL_M_sl5,0.9255400121150332
ORCDRC_M_sl2,OCSTHA_M_sd3,0.9255209311400271
SNDPPT_M_sl1,SNDPPT_M_sl6,0.9254321974977837
PHIHOX_M_sl6,PHIKCL_M_sl5,0.9253532865199182
AWCh2_M_sl2,AWCh3_M_sl3,0.9252546832408444
tmax_8,tmax_9,0.9251939725566845
tavg_11,tavg_4,0.9249853264478277
AWCtS_M_sl2,OCDENS_M_sl3,0.9249660330634153
OCSTHA_M_sd2,OCSTHA_M_sd4,0.9249286029096079
AWCtS_M_sl2,OCDENS_M_sl2,0.9247390253141095
AWCh1_M_sl7,AWCh2_M_sl4,0.924544445128014
SNDPPT_M_sl2,SNDPPT_M_sl6,0.9244291583576584
PHIHOX_M_sl7,PHIKCL_M_sl7,0.9244149890880364
AWCtS_M_sl1,BLDFIE_M_sl2,0.9240740312806288
tmax_12,tmin_3,0.9237320575580874
PHIHOX_M_sl7,PHIKCL_M_sl6,0.9237302629404492
PHIHOX_M_sl6,PHIKCL_M_sl4,0.9237044331718492
wind_1,wind_3,0.923690075692706
PHIHOX_M_sl6,PHIKCL_M_sl3,0.923499583445158
OCDENS_M_sl2,OCSTHA_M_30cm,0.9233904642298661
PHIHOX_M_sl7,PHIKCL_M_sl4,0.923364772667146
tmax_11,tmax_4,0.9232178883896924
tmin_11,vapr_3,0.9231658452603559
PHIHOX_M_sl6,PHIKCL_M_sl7,0.9231531743147766
AWCh1_M_sl4,AWCh2_M_sl7,0.9231433998416554
ORCDRC_M_sl3,ORCDRC_M_sl5,0.9229232322626918
PHIHOX_M_sl6,PHIKCL_M_sl6,0.9227914838977463
PHIHOX_M_sl7,PHIKCL_M_sl3,0.922501288494722
PHIHOX_M_sl5,PHIKCL_M_sl5,0.9224688174308752
tmin_12,vapr_11,0.9222574933422092
PHIHOX_M_sl6,PHIKCL_M_sl2,0.9221620872584795
bio5,tmax_9,0.9220643411350821
AWCh1_M_sl3,AWCh3_M_sl4,0.9219765659523006
AWCtS_M_sl2,BLDFIE_M_sl4,0.9218309609327687
bio1,tmax_11,0.9217116632989508
tavg_4,tavg_5,0.9215601967591587
PHIHOX_M_sl5,PHIKCL_M_sl4,0.9215526724297116
bio1,bio11,0.9214501220079314
srad_11,srad_2,0.9213298609534583
AWCh2_M_sl4,AWCh3_M_sl7,0.92121489392379
PHIHOX_M_sl7,PHIKCL_M_sl2,0.9211825673146177
PHIHOX_M_sl5,PHIKCL_M_sl3,0.9211422224154141
tmax_1,tmin_3,0.921127855174329
WWP_M_sl3,WWP_M_sl7,0.9208843744546005
tavg_7,tmax_8,0.920824695322353
OCDENS_M_sl3,OCDENS_M_sl5,0.9205379966507429
AWCh1_M_sl2,AWCh2_M_sl3,0.9202906204360585
tmin_11,vapr_1,0.9202438065758014
AWCh2_M_sl7,AWCh3_M_sl4,0.9200527906304334
tavg_8,tmax_8,0.9199055748300208
tavg_6,tavg_9,0.9198474175709058
AWCtS_M_sl7,BLDFIE_M_sl4,0.9197820418633164
OCDENS_M_sl2,OCDENS_M_sl4,0.9197046849138315
PHIHOX_M_sl5,PHIKCL_M_sl2,0.9195999905788674
bio10,tavg_8,0.919502634751359
PHIHOX_M_sl5,PHIKCL_M_sl7,0.9194937049827296
AWCh1_M_sl6,AWCh3_M_sl4,0.9194679486618744
OCDENS_M_sl3,OCSTHA_M_30cm,0.9192858110969798
PHIHOX_M_sl5,PHIKCL_M_sl6,0.9191544719627284
tmin_12,vapr_3,0.9191244596310519
tmax_4,tmax_5,0.9189105479999533
AWCtS_M_sl3,AWCtS_M_sl7,0.9188299334222374
tmin_11,vapr_2,0.9187923540828001
ORCDRC_M_sl7,OCSTHA_M_100cm,0.9186942567478166
tavg_9,tmax_9,0.9186308915539058
tavg_4,tmax_11,0.9180288524167548
tmax_2,tmin_12,0.9177976269536311
vapr_5,vapr_6,0.9177308998219198
AWCh1_M_sl3,AWCh2_M_sl2,0.91758559910137
tmin_5,vapr_9,0.9174777215973029
AWCh3_M_sl4,AWCh3_M_sl7,0.9174258457786659
tavg_9,tmin_9,0.917377084042452
wind_2,wind_4,0.9173136350337209
tavg_7,tmin_6,0.9171253190922608
srad_12,srad_2,0.9166779810586182
bio6,tmax_1,0.9166740401703565
ORCDRC_M_sl4,OCSTHA_M_30cm,0.9165429468260077
tmin_4,vapr_10,0.9161224292044837
CLYPPT_M_sl1,CLYPPT_M_sl7,0.9157791364949806
PHIHOX_M_sl4,PHIKCL_M_sl3,0.91554993703162
tavg_8,tavg_9,0.9154900707230719
tmin_11,vapr_4,0.9153636470141173
AWCh1_M_sl4,AWCh3_M_sl3,0.9153021485486678
SNDPPT_M_sl3,SNDPPT_M_sl7,0.915234831002911
tavg_10,tavg_3,0.9151206350600332
PHIHOX_M_sl4,PHIKCL_M_sl4,0.9148722611375701
OCSTHA_M_sd3,OCSTHA_M_sd6,0.9146483573932456
tavg_11,tmin_4,0.9142488378423057
bio1,tmin_10,0.914225411172501
PHIHOX_M_sl4,PHIKCL_M_sl2,0.9141567535803066
PHIHOX_M_sl4,PHIKCL_M_sl5,0.91398044632455
tmax_3,tmin_2,0.9139177718341728
AWCtS_M_sl5,BLDFIE_M_sl3,0.9133261710396652
PHIHOX_M_sl3,PHIKCL_M_sl3,0.9128519827650762
bio1,tmin_11,0.9127602381593917
PHIHOX_M_sl3,PHIKCL_M_sl2,0.9124774035128441
bio5,tmax_6,0.9124417806166346
tmin_5,tmin_6,0.9121328155932324
AWCh1_M_sl7,AWCh3_M_sl4,0.9121096829682088
tavg_5,tmax_9,0.9120737705349348
AWCtS_M_sl2,AWCtS_M_sl4,0.9118734857225174
OCSTHA_M_200cm,OCSTHA_M_sd2,0.911757945589372
CLYPPT_M_sl2,CLYPPT_M_sl7,0.9117113411080104
prec_6,prec_9,0.9115258071699585
tavg_3,tmax_4,0.9113784834153845
tavg_5,tavg_9,0.9113609108712012
AWCh1_M_sl4,AWCh3_M_sl7,0.9113260670940854
PHIHOX_M_sl3,PHIKCL_M_sl4,0.9110596196860064
PHIHOX_M_sl2,PHIKCL_M_sl2,0.9109905418145813
tavg_8,tmin_6,0.910968157192111
CECSOL_M_sl2,CECSOL_M_sl6,0.9108865170849595
tmax_11,tmin_3,0.9107794630806059
tavg_7,tmin_8,0.9102962912392739
WWP_M_sl2,WWP_M_sl5,0.910295940967308
AWCh1_M_sl3,AWCh3_M_sl2,0.9100976059937085
PHIHOX_M_sl2,PHIKCL_M_sl3,0.9100718675016722
PHIHOX_M_sl4,PHIKCL_M_sl7,0.9100595452037745
wind_7,wind_9,0.9099467507557109
WWP_M_sl1,WWP_M_sl3,0.9099404998562014
wind_6,wind_8,0.9098036707027486
PHIHOX_M_sl4,PHIKCL_M_sl6,0.9095823527729311
AWCtS_M_sl3,OCDENS_M_sl3,0.9095744828686886
OCDENS_M_sl3,OCSTHA_M_sd3,0.9095049998234948
OCDENS_M_sl4,OCSTHA_M_sd3,0.9094235173164626
bio6,tmax_2,0.9094002324572511
tmax_6,tmax_9,0.9093845729635459
PHIHOX_M_sl3,PHIKCL_M_sl5,0.9093727344592951
tavg_8,tmax_7,0.9091828347516235
tavg_4,tmin_5,0.9088591230886247
ORCDRC_M_sl3,OCSTHA_M_sd5,0.9087678450536621
tavg_5,tmax_4,0.9086651524186907
AWCh1_M_sl2,AWCh3_M_sl3,0.9086052835408089
tmax_11,tmin_2,0.9080648260165327
ORCDRC_M_sl2,OCSTHA_M_100cm,0.9078132685845268
tmin_10,vapr_10,0.9073880331374721
PHIHOX_M_sl2,PHIKCL_M_sl4,0.9066884520259918
bio10,tavg_6,0.9065034031023231
tmax_5,tmax_6,0.9062494119184767
bio6,vapr_11,0.9060697020600968
tavg_7,tmax_6,0.9058617395618171
ORCDRC_M_sl5,OCSTHA_M_sd3,0.905848771859496
bio1,tavg_2,0.9050705815375774
PHIHOX_M_sl3,PHIKCL_M_sl7,0.9049881741336692
srad_5,srad_6,0.904964584735829
tavg_10,tmax_3,0.9048401769850238
bio6,tmax_12,0.9046691317785388
PHIHOX_M_sl3,PHIKCL_M_sl6,0.9044293928939298
vapr_10,vapr_6,0.9044293118471195
PHIHOX_M_sl2,PHIKCL_M_sl5,0.904319272289935
bio11,tavg_4,0.9042741917918156
BLDFIE_M_sl2,OCSTHA_M_sd2,0.9036951318974843
wind_1,wind_11,0.9032879633105312
tmin_3,vapr_11,0.9031582052898867
tmin_1,vapr_12,0.9030403826330423
tavg_10,tmin_11,0.9029265060292305
bio11,tmin_4,0.9027408708449021
tmin_2,tmin_4,0.9027093130624095
tmax_12,tmin_12,0.9026503663036783
wind_6,wind_9,0.9024328504484266
ORCDRC_M_sl4,OCSTHA_M_sd2,0.9024310640047432
tavg_10,tmax_11,0.9024213176399238
PHIHOX_M_sl1,PHIKCL_M_sl2,0.9023484382656398
ORCDRC_M_sl3,ORCDRC_M_sl6,0.9018889847621474
SNDPPT_M_sl1,SNDPPT_M_sl7,0.901750737541403
bio5,tmax_7,0.9017168954937526
tmin_2,vapr_12,0.9016733500755852
tmax_10,tmax_9,0.9012998142489103
tavg_5,tavg_6,0.9011547975183678
CECSOL_M_sl2,CECSOL_M_sl7,0.9010846108624254
PHIHOX_M_sl1,PHIKCL_M_sl3,0.9005444593060392
bio6,tmin_4,0.9002616148443939
AWCh1_M_sl3,AWCh1_M_sl5,0.9002494890907287
