ACCENUMB,y_true,y_pred,y_proba
G21191,0,0,0.000895356324693632
G727,1,1,0.9879135759876132
G22451,0,0,0.0584425339533874
G2993,0,0,0.00032664267207659255
G20962,1,1,0.9987088934181004
G51885,0,0,0.1620769393172153
G884,1,1,0.9843428936146136
G20179,1,1,0.9993745796958832
G7958,1,1,0.9976252055837772
G18188,0,0,0.0230658705768474
G12440,0,0,0.0202939596572543
G18561,0,0,0.0005883885153622324
G18613,0,0,0.0006544603817054148
G50425,0,0,0.0008915487570620282
G22514,1,1,0.9925675448113508
G22489,0,0,0.0390366919298214
G23607,0,0,0.0003892323865187725
G7056,0,0,0.00037204553854095846
G3397,0,0,0.00025008713546149854
G22815,0,0,0.00024384202468052263
G22630,0,0,0.2087427315983545
G11568,0,0,0.0282148240085905
G15939,1,1,0.9994341191188596
G19897,0,0,0.0019410043423425
G50431A,0,0,0.0226663621688775
G142A,0,0,0.0017695958509624
G1803,0,0,0.0002870614107655894
G5542,0,0,0.0005895356373409207
G8178,1,1,0.9688057452727862
G22146,0,0,0.1206689943382379
G474,0,0,0.0059244333030341
G4134,0,0,0.0225335438287217
G22798,0,0,0.0002769197357473669
G9657,1,1,0.9922510252372412
G20746,1,1,0.9705089195250196
G24353,0,0,0.0002829346343935086
G20155,1,1,0.999306680163354
G51604,0,0,0.0113010201943236
G47,0,0,0.0041755809200916
G18208,1,1,0.9927224919534614
G3377,0,0,0.0004539878445619843
G805,0,0,0.00032041881817679524
G17227A,0,0,0.0034013651385782
G50883,0,0,0.0681192002286752
G22751,1,1,0.9991444273866736
G516,1,1,0.9665304194919084
G3017,0,0,0.00029418783648328087
G50381,0,0,0.0023459712083307
G17197,0,0,0.0031092974551348
G16801,0,0,0.0041173515550211
G3529,0,0,0.0437145610629857
G13613,0,0,0.00023684927533564463
G23727,0,0,0.0457537901474501
G521,1,1,0.9975500150442572
G50341,1,1,0.9947142389394772
G10140,1,1,0.9994504059112038
G16795,0,0,0.0141913264747956
G22828,0,0,0.00030004686356845627
G50015F,0,0,0.00030869795978281727
G282,0,0,0.00026295565753260035
G51193,0,0,0.0006940857296919217
G239A,0,0,0.0215102526150976
G50061,0,0,0.0038010958716957
G15941,1,1,0.9995290123510092
G13746,0,0,0.0003031983558006074
G7253C,0,0,0.2940721815645421
G50020,0,0,0.0006609080497140011
G846,1,1,0.9518580160103304
G20837,1,1,0.9532457607700228
G23610,0,0,0.00030779722402612383
G20904,1,1,0.999014904588412
G22486,1,1,0.998624700618238
G11866,1,1,0.9994816453093436
G5711,0,0,0.0045431652815419
G24067,1,1,0.9593437382706672
G9900,0,0,0.056831762430949
G23764A,0,0,0.0615027534824747
G19892,0,0,0.0003014911453883216
G11885,1,1,0.9982956842146936
G10131,1,1,0.9994269635063084
G2415,0,0,0.0008060346622030282
G6757,0,0,0.0005824374854371624
G22865,1,1,0.9654317320963912
G23531,0,0,0.00028496174565851803
G12913,0,0,0.00020132792069703595
G19968A,0,0,0.0006616396386443785
G576,1,1,0.9995968083288304
G4321,0,0,0.00018539436164031749
G13666,0,0,0.0002823678637293982
G22839,0,0,0.0046426264744338
G649,0,0,0.0023048030026055
G10072,1,1,0.999524934509378
G15288,1,1,0.9991034198468656
G23853,0,0,0.00038587005320634126
G18586,0,0,0.0007434690284547447
G20975,1,1,0.9992481330041906
G11295,0,0,0.0003447205108624331
G611,0,0,0.2035895427753946
G52362,0,0,0.0080145785511819
G18204,1,1,0.928078433815285
G345,1,1,0.998441285748326
G20971,1,1,0.998512999887393
G11030A,0,0,0.0002691838475537769
G12878,0,0,0.00037690588883083177
G50971,0,0,0.0033505103550271
G23883,0,0,0.0009637803213269356
G16455,0,0,0.0006864254541630732
G18565,0,0,0.0006153971642486941
G20909,1,1,0.9955724923888593
G22373,1,1,0.9974061456732716
G591,1,1,0.9993476978376764
G8184,0,0,0.1294180118678127
G9518,1,1,0.8680554972450291
G24307,0,0,0.0008377414726715557
G50107,0,0,0.002152898685775
G12869,0,0,0.00039059243350549847
G24354,0,0,0.0005689949084319929
G297,1,1,0.9973932098331304
G20482,0,0,0.0014349536730789
G18249,0,0,0.0056035991952618
G15273,1,1,0.99528119119025
G3565,0,0,0.0004647418924738068
G20803,1,1,0.9962203770450704
G18573,0,0,0.0023662361961814
G2412,0,0,0.0006190966281204393
G7386,0,0,0.0270709032189604
G5190,0,0,0.0028137361530242
G13051,1,1,0.9955262445309436
G23731,0,0,0.00028043389654904514
G13660,0,0,0.0004293060580457901
G826,0,0,0.000400237486480231
G18571,0,0,0.0005257934871496611
G18043,1,1,0.9996222228840068
G695,0,0,0.0012528198862131
G4759,0,0,0.00272095632127
G987,0,0,0.0003844608519925392
G12868,0,0,0.0009015449623943438
G8912,0,0,0.0002732808146691967
G1475,1,1,0.8881901189030286
G13642,0,0,0.0004907867917814667
G5045,1,1,0.9818823383027208
G18628,0,0,0.0011018426014341
G20372,1,1,0.9679209029531798
G52,0,0,0.0008760059997294912
G23869I,0,0,0.000494608529316655
G50723B,0,0,0.0773434425467784
G19889,0,0,0.0038542793199832
G19895,0,0,0.0018275191517279
G19122,0,0,0.00023704599017038795
G20787,1,1,0.9894266941162608
G1856,0,0,0.0009214068851444412
G24573,0,0,0.0081836324796378
G23703,0,0,0.0019907792570627
G24927,0,0,0.3071142116275551
G50775,0,0,0.0032682190162247
G20817,1,1,0.9986523601518874
G23447C,0,0,0.0006456847674530215
G50038,0,0,0.0008606773447274923
G10961,0,0,0.0003731314728129335
G2907,0,0,0.00019865960987626923
G18575,0,0,0.0008350036279695329
G23458,0,0,0.00024984043338671674
G20725,1,1,0.998725642402768
G2927,0,0,0.0002631665369764265
G22047,0,0,0.00032158375515659255
G419,1,1,0.9975791733039518
G51435,1,1,0.9951552543635516
G1440,0,0,0.0009981369315730248
G52349,0,0,0.0019586131812865
G20418,0,0,0.015179060111905
G22497,1,1,0.9890654786897032
G7312,1,1,0.9924927599143064
G4754,0,0,0.0029260754490321
G52100,0,0,0.0023787359061057
G1695,0,0,0.000436831744553558
G23968,0,0,0.1715991985283629
G2995,0,0,0.00034209222501446025
G7006,0,0,0.0004208576857827571
G1716,0,0,0.0004488289356841472
G14232,1,1,0.99423749045456
G4718,0,0,0.003880510966004
G830,0,0,0.0003719255551371307
G10177,0,0,0.0480632772553131
G10133,1,1,0.9995449545974812
G1971,0,0,0.00024770222870730183
G1735,0,0,0.0003069426368772131
G3384,0,0,0.00022261580693246535
G21198,0,0,0.0018193418876802
G19153,0,0,0.0003250582050410282
G231,0,0,0.00044763797439571664
G22741A,1,1,0.995932161668616
G14185,0,0,0.00020761599657736135
G21193,0,0,0.0012812895028397
G18448,0,0,0.0012763651173686
G24498B,0,0,0.0007071692920835833
G24463,0,0,0.0111320369929093
G15987,0,0,0.0002462994115822962
G413,1,1,0.9660114220812496
G50984,0,0,0.0152866788843936
G24604,0,0,0.00015107439646053824
G13891,1,1,0.9927210832955434
G146,0,0,0.0365225730490599
G2010,0,0,0.005454052611367
G24277,0,0,0.0090686078043033
G20104,0,0,0.005538842453482
G11125,0,0,0.000266544329164984
G14161,1,1,0.9609795686735062
G21126,0,0,0.003404049806417
G20292,0,0,0.0024286944445244
G20766,0,0,0.1963996069191154
G50795,0,0,0.0047026173765133
G18651,0,0,0.0005432770463094011
G2914,0,0,0.00024348696701991123
G14962,0,0,0.00033455836761589545
G13928,1,1,0.9968284820307974
G8908,0,0,0.00027243169004735054
G50501B,1,1,0.9685933856831151
G1939,0,0,0.0020899817830635
G17217,0,0,0.0123491935619732
G51645C,1,1,0.9949551322470852
G51262D,0,0,0.1206103026639778
G20942,1,1,0.9962945377168586
G23542A,0,0,0.0003151956066361921
G7225A,0,0,0.0003844404248403622
G13044,0,0,0.0721074433564793
G20274,1,1,0.9856516940358389
G24769,0,0,0.1761022955432612
G16686,0,0,0.0021261595999571
G16007,0,0,0.00042047346379845866
G23876,0,0,0.0005108464972994704
G7764,0,0,0.0274480369788432
G16576,0,0,0.0021328541943306
G438,0,0,0.0128282701826384
G21199,0,0,0.0004880199421678419
G17746,0,0,0.0587673886069519
G11556,0,0,0.0321613809292806
G14687,0,0,0.0914377516827431
G23590,0,0,0.0699942253191073
G11100,0,0,0.004299878766782
G8199K,0,0,0.1762432288938552
G7071,0,0,0.0007198646328830863
G23650,0,0,0.0002749498466603588
G6405,0,0,0.0035946003979252
G51183,0,0,0.0023748286918869
G21763,0,0,0.0066226724718595
G23548,0,0,0.0183147996872383
G1390,0,0,0.0047371893075755
G221,0,0,0.0006099279389549975
G13935,0,0,0.0004849023925661929
G24347,0,0,0.0007648467842343693
G24768,0,0,0.1007460503113108
G23967,0,0,0.0172869901013197
G4346,0,0,0.000257437333291926
G13026,0,0,0.0002961020716070253
G18721,0,0,0.00039280521505187207
G13932,0,0,0.0031251216652437
G8088,0,0,0.000462094384078544
G51029,0,0,0.0034735184491158
G17213D,0,0,0.0047896733088548
G3425,0,0,0.0002995367784372823
G22507,1,1,0.9981327928147388
G11031,0,0,0.0003809341098600652
G3337,0,0,0.00033271407646659414
G1031,1,1,0.9992038840629854
G52098,0,0,0.0006680508458983276
G5177,1,1,0.9879657982546908
G52188,0,0,0.0174328521541139
G1701,0,0,0.0002963981821529756
G16144,0,0,0.0022914615762275
G20976,1,1,0.9985946913463274
G16810,0,0,0.014513613461638
G20198,1,1,0.998859182142682
G6144,0,0,0.0054843141052765
G8170,0,0,0.1607951597809483
G10142,1,1,0.9995591527288548
G22729A,1,1,0.9986870941689314
G18203A,0,0,0.007072371478332
G52329,0,0,0.0024446984510461
G10070,1,1,0.9996572578341392
G23852,1,1,0.9886657448261336
G12856B,0,0,0.0004847403419785518
G24322,0,0,0.0005291422107878119
G50983I,1,1,0.949671361796532
G449,0,0,0.0064460103609075
G6768,0,0,0.0002812319936630062
G18595,0,0,0.005193476755287
G52061,0,0,0.0004766102695546722
G23468,0,0,0.0002883738843454619
G22521,1,1,0.9812954460824098
G52023,1,1,0.9919841507642708
G602,1,1,0.9883446143166515
G603A,1,1,0.9952590195871054
G24373,0,0,0.000387536595625134
G3618,0,0,0.0074967325963585
G52120,0,0,0.0007607418517810082
G14875,0,0,0.00024351343106098988
G50007,0,0,0.0006788719247757423
G51185,0,0,0.0031120900339026
G23622,0,0,0.00024678155081762096
G3197,0,0,0.00021989172054135016
G18994,0,0,0.0022635156954784
G7208,0,0,0.0033397996316895
G20834,1,1,0.994434071283596
G8900,0,0,0.0002367914464381522
G459,0,0,0.0029336070462178
G50617,0,0,0.0106943041649111
G18193,0,0,0.0487625645037539
G24541,0,0,0.0007522674917979843
G20638,1,1,0.9861123135361696
G52254,0,0,0.0006130818337420386
G185,0,0,0.0008352791728462529
G16035,0,0,0.0002872584816705592
G24645,1,1,0.9967618434693748
G11069,0,0,0.0006416250741064752
G8202,0,0,0.1565097768288471
G13668,0,0,0.0003479169717843552
G20973,1,1,0.9987351796228656
G623,0,0,0.140514362352215
G24798,1,1,0.9774320769289914
G18194,0,0,0.1602720430818439
G67,0,0,0.0003718566897678489
G14443,1,1,0.99955449076223
G51618,1,1,0.9961895184546208
G18093,0,0,0.00030331601318459446
G3128,0,0,0.0080142064372698
G14378,0,0,0.00045333290693944914
G50981,1,1,0.9967787557237442
G38,0,0,0.001332285403798
G52028,1,1,0.9992319153208832
G11402,0,0,0.00023668780789624515
G22474,0,0,0.0831261281366739
G689,1,1,0.9779982438028668
G24313,1,1,0.9986901815058374
G20242,1,1,0.9984754233755117
G7884,0,0,0.00018699207316752936
G50474C,0,0,0.0057224478538791
G7854,1,1,0.9717422190366216
G14691,0,0,0.1159007136244302
G3245,0,0,0.0015747945750903
G3341,0,0,0.00030803615263961224
G2470,0,0,0.000253488716635244
G41,1,1,0.99539737612392
G7802,0,0,0.0004476898175186599
G915,0,0,0.0003596382711757166
G20863,0,0,0.2063327791483934
G24371,0,0,0.003515131254142
G13675,0,0,0.0002157049824157549
G5908,0,0,0.0099540066769361
G2879,0,0,0.00043314694094594505
G22624,1,1,0.998288379716758
G19111,0,0,0.0002551877300504098
G314,1,1,0.9942110349008746
G7932,0,0,0.0004210446196975078
G139,0,0,0.0026688088120332
G20936B,1,1,0.9669264158008488
G16988,1,1,0.9920545348210488
G16395,0,0,0.0005303045706982971
G58,1,1,0.999240402089432
G20188,1,1,0.9990409111882952
G14252,0,0,0.0454644535996724
G20085,1,1,0.9991886531595208
G11050A,0,0,0.0003083215548201465
G4367,0,0,0.0032271604287429
G6943,0,0,0.0216700885162568
G15792,1,1,0.999642931434103
G51609,0,0,0.0229502111366653
G4843,1,1,0.9200265575804564
G6123,0,0,0.0004085919042636082
G50484,1,1,0.9936014503852107
G51362,0,0,0.0132995235572736
G698,1,1,0.993423489800362
G18457,0,0,0.000434668715764654
G22572,0,0,0.0918205038939779
G12884,0,0,0.0007129464984113533
G18615A,0,0,0.0004807571776751565
G3521,1,1,0.8237412620724628
G13040,0,0,0.0316800477119676
G13924,1,1,0.9932170580188188
G14853,0,0,0.1332979372060422
G13072,0,0,0.0365125288664472
G5020,0,0,0.0678131861641454
G5545,0,0,0.0004444288713659288
G108,0,0,0.0009785054028991155
G50849Y,1,1,0.990089293602574
G51040V,1,1,0.995354322322294
G4711,0,0,0.0047320656610053
G20165,0,0,0.010338139893792
G9612,0,0,0.00024826287787543767
G12871,0,0,0.01117623741132
G23970,0,0,0.0233347346561175
G19118,0,0,0.00038768037319165206
G24301,1,1,0.9989851000304388
G7001,0,0,0.0003558417779141277
G20001,0,0,0.0010091454023402
G23507,0,0,0.0239711045991318
G18701B,0,0,0.0004960581824712885
G7803,0,0,0.0001981832045329265
G51056,1,1,0.9920484569646546
G13607,0,0,0.0002224549404912299
G52614,1,1,0.9713020127673218
G50553,0,0,0.0004318665283879869
G432,0,0,0.0005058171437629592
G1729,0,0,0.0002869745921408573
G24600A,0,0,0.0010562268921647
G13867,0,0,0.00026111447836779054
G24309,0,0,0.0098104250170657
G307,1,1,0.9910520496662968
G23722A,0,0,0.0120856024024458
G20348,0,0,0.0150500059187641
G20051,0,0,0.0690613986915569
G22597,1,1,0.986012592089668
G13625,0,0,0.0002542948591297678
G51643,1,1,0.9937327615483468
G4774,0,0,0.0027640139979403
G880,0,0,0.0002887549842557915
G19102,0,0,0.0003216911239225654
G607,1,1,0.9212641632242936
G4722,0,0,0.005929395721421
G710A,1,1,0.992704737447069
G20625,0,0,0.00719528162405
G50551,0,0,0.0006238973230738438
G51616,1,1,0.9993441831905427
G14659,0,0,0.0021745086397859
G6406,1,1,0.9478950580603912
G2670,0,0,0.0003722192868188433
G51286D,1,1,0.9926339219333182
G2006,0,0,0.1190055824783899
G20018,1,1,0.9565983757967792
G22502,0,0,0.0213290922518555
G24384,0,0,0.0003585612221718522
G20237,1,1,0.9995715413579332
G23438,0,0,0.0060537228431495
G14209,0,0,0.0018196986757372
G50715,0,0,0.0004066021321586945
G23578,1,1,0.9875778086489616
G14075,0,0,0.0023943110087969
G11616,0,0,0.1259528552185651
G300A,0,0,0.0030739624273264
G1341,0,0,0.0129299354634227
G20744,1,1,0.998519002525911
G20627,0,0,0.0089750256728704
G528,1,1,0.9964656058412938
G18654,0,0,0.0005234600979393588
G549,1,1,0.9869887643285692
G50011,0,0,0.0102912948367269
G8919,0,0,0.0004917529058348988
G11032,0,0,0.0003054580158227755
G15815,0,0,0.0049669465413758
G50963,0,0,0.0166529490649843
G10121,1,1,0.9995015525350808
G12234,0,0,0.0060191402952198
G7236,0,0,0.2154308219343651
G3098,0,0,0.000984595809464942
G50967,1,1,0.9050704322135537
G19992,0,0,0.0009350978093630164
G8154,1,1,0.9894274897162072
G1669,0,0,0.1489529279142214
G5889,0,0,0.00027434715901910955
G51462,1,1,0.9982286075173749
G6794,0,0,0.00029522497123582366
G20886,0,0,0.042828507247266
G20256,1,1,0.9993970332420282
G24580,0,0,0.0003140158206167847
G18635,0,0,0.0004718920413945951
G4083,1,1,0.9839705682985485
G51187,0,0,0.0015800421791086
G18574,0,0,0.0004439664917999919
G12072,0,0,0.0010430391221477
G2820,0,0,0.00016578808693938757
G24314,0,0,0.0071945884780047
G4551,0,0,0.0171611911257987
G8159,1,1,0.9901063441969666
G20010,0,0,0.0386087065767746
G6293,0,0,0.0045557895167642
G14017,1,1,0.9744629669050696
G50870A,1,1,0.9868091275463472
G11614,1,1,0.9928744159972432
G52353,0,0,0.0033943686193124
G22699,1,1,0.9993425682642328
G2951,0,0,0.0024874937292178
G938,0,0,0.00023384986463398925
G5557,0,0,0.0154126374643205
G6386,0,0,0.0002458717898502395
G22027,0,0,0.0004286083902874102
G1805,0,0,0.0002577951541915169
G1462,0,0,0.0373509609605934
G13717,0,0,0.000351355078907525
G19863,1,1,0.9231020705299956
G51287,1,1,0.995824489845245
G21161,0,0,0.0005481069385597501
G20969,1,1,0.9929979642377637
G24588,0,0,0.0003002170701519124
G23160,0,0,0.0307510909305292
G7885,0,0,0.0002524192143154536
G20934,1,1,0.9698681117475338
G50426,0,0,0.0011263144921782
G14230,1,1,0.9924179827720836
G18670,0,0,0.00036438913542576013
G3191,0,0,0.00031418442758952744
G24324A,0,0,0.00034294356196371657
G24487A,0,0,0.0275098334970773
G20212,1,1,0.9783968726529008
G17196,0,0,0.000559618954385313
G1769,0,0,0.0025472503640369
G62A,0,0,0.0040320643772024
G441,0,0,0.0065545361258997
G20106,0,0,0.0016668841118694
G9664,0,0,0.0194070695179811
G20719,1,1,0.9986909693807368
G16159,1,1,0.9892480072857984
G22271,1,1,0.9989280829001648
G16974,1,1,0.9993740581667048
G7912,0,0,0.0085248033179399
G50907,0,0,0.0007299905951470848
G50505,0,0,0.000987476491656021
G23536,0,0,0.00022360180059782095
G18962A,0,0,0.0016352647651096
G23441,0,0,0.0007822815611538818
G11056A,0,0,0.0006364679914295253
G22525,1,1,0.9963060858712496
G8914,0,0,0.0002120187546775764
G480,0,0,0.0234942364760358
G52127,0,0,0.0011732533546404
G18612,0,0,0.0005569215052646989
G50537,1,1,0.9745144305114436
G18557,0,0,0.000539209823778648
G11845,0,0,0.0086006913600238
G19683,0,0,0.0052507376567665
G19018,0,0,0.0002609886852290448
G6422,0,0,0.0003826700345961795
G21940,1,1,0.9371282900001896
G23135,1,1,0.7826833142651377
G2185,0,0,0.0006046423566515448
G3072,0,0,0.0036417847698565
G50307,1,1,0.9994426861351208
G51837,0,0,0.0010042932573047
G20764,1,1,0.954732697213634
G22674,1,1,0.9995383849890792
G222,0,0,0.0005074307574129375
G18200A,0,0,0.2095405146849187
G11557,0,0,0.0193461028736166
G50893,0,0,0.0010043973577282
G18636,0,0,0.0006746416907183211
G20935,1,1,0.9965131403521622
G24574A,0,0,0.00018676656510709368
G22786,0,0,0.0004166594893525132
G15839,0,0,0.2565329324990912
G210,0,0,0.0105223429532924
G18201,0,0,0.0167822307957326
G11028,0,0,0.0002265882619457641
G22826,0,0,0.0002534347976053095
G154,0,0,0.0482529380131275
G11024,0,0,0.00033828391506268663
G492,0,0,0.0011827045732457
G554,1,1,0.9148099596930136
G10075,1,1,0.9996317490563464
G7169,0,0,0.013598525619495
G13092,1,1,0.9948268888181508
G16061,0,0,0.0006180387154590581
G622,1,1,0.99174633181502
G18963,0,0,0.0005873863409961125
G24365,0,0,0.00035314828354531143
G22800,0,0,0.00043381335928255945
G20219,1,1,0.998635318181376
G17147A,0,0,0.003188681711527
G802,0,0,0.0224104851593902
G20370,1,1,0.9991834522656
G16917,1,1,0.99503621007384
G4892,0,0,0.00031765654566835326
G5535,0,0,0.0006935640956305777
G8176,0,0,0.008334443629701
G7806,0,0,0.00026342538167494747
G7065,1,1,0.9925974168576368
G52007,1,1,0.99919992984896
G24378,0,0,0.00022373678171761245
G20265,1,1,0.9875928888693434
G20263,1,1,0.9992566558570566
G24767C,0,0,0.0601211136828014
G24006,1,1,0.9866251660354588
G24339,0,0,0.0007272064105196491
G334,1,1,0.9985531906118448
G411,0,0,0.0149246646653725
G50573,0,0,0.0025006386468864
G4713,0,0,0.2181469433663208
G20932,1,1,0.9977574329418576
G24296,1,1,0.9988602144671496
G514,1,1,0.998617442462532
G729,1,1,0.9873132787393964
G50477,0,0,0.001283092489597
G20559,0,0,0.0612785269476381
G50852,0,0,0.0006954608321628458
G18715,0,0,0.0002544565251284035
G23586,0,0,0.00031796548025803605
G23611,0,0,0.0004058441298864548
G4397,0,0,0.0003100318292542183
G50552,1,1,0.991198203012255
G20204,1,1,0.9988057990671302
G6941,0,0,0.0028345747577894
G51456,1,1,0.9201288877996712
G22578,1,1,0.9614518207917316
G7314,0,0,0.0118417100250514
G51594,1,1,0.9991653931417984
G20,0,0,0.0345619511814798
G4272,0,0,0.0208078085663428
G2920,0,0,0.0054201368827424
G52062,0,0,0.0006286567676666188
G8934,1,1,0.9984443556451594
G2616,0,0,0.00031918223476123085
G20488,1,1,0.9967367070722858
G5179,0,0,0.0055807104173997
G9602,0,0,0.018412248373315
G52326,1,1,0.9328952366590448
G50565,0,0,0.0003741530270786672
G22608A,1,1,0.99902639115351
G22559,1,1,0.9929688269343768
G22389,1,1,0.9988298616767304
G24386,0,0,0.00035158579936188085
G22824,0,0,0.00021502758806023415
G3201,0,0,0.00024981875916806626
G18047,1,1,0.999410125899228
G10963,0,0,0.00027427472900291074
G12032,0,0,0.0003422614222933936
G20356,1,1,0.9987204944689376
G19004,0,0,0.0007788896434721122
G7387,0,0,0.0027795886236003
G23892,0,0,0.0009930677805189026
G3542,0,0,0.0005552370144681174
G3252,0,0,0.0015665812446371
G1737,0,0,0.0005078513077853074
G6140,0,0,0.0110789420400125
G50460,0,0,0.00017482663907632723
G18666,0,0,0.000505588730449785
G20250A,1,1,0.9770731259105168
G11124,0,0,0.0042034796082679
G5143,0,0,0.0357997035928954
G59,0,0,0.0049751422282253
G51467,1,1,0.9477247556942556
G51434,1,1,0.9973031992259668
G18699C,0,0,0.0008000050538086212
G12674,0,0,0.0007238070775186495
G51460,1,1,0.9972925892923686
G20251B,0,0,0.1675169009442723
G24308,1,1,0.9992678295906336
G3038,0,0,0.00030948446853544965
G16865,1,1,0.9289652602669588
G20813,1,1,0.9982362024385252
G17212,0,0,0.0009269414982443768
G50507,0,0,0.0233529397327927
G1724,0,0,0.00037855753973281954
G51375,0,0,0.0004486685293400721
G22494,1,1,0.9837031028482968
G23545,0,0,0.0002390472354012684
G19395,0,0,0.0059696956712291
G50889,1,1,0.9369940649625508
G14690,1,1,0.9047309564061312
G1944,0,0,0.0073944666012078
G20007,0,0,0.1587492672700678
G20728,1,1,0.9962451434176648
G6781,0,0,0.0002880771645025187
G51983,1,1,0.991616922811922
G9996,0,0,0.000532777355651905
G20887,1,1,0.996127887265812
G19909,0,0,0.0051808105062494
G20889B,1,1,0.9906904018628948
G9542,1,1,0.958392971365062
G3535,0,0,0.00022819298680841417
G19699,0,0,0.003234588812813
G2906,0,0,0.0006347455562257864
G51261,0,0,0.0012560519876138
G935,0,0,0.1425047173659586
G23470,1,1,0.9967785727897388
G52488,0,0,0.0101936354721036
