ACCENUMB,y_true,y_pred,y_proba,modelo,problema
G21191,0,0,0.002,RandomForest,Sequia
G727,1,1,0.656,RandomForest,Sequia
G22451,0,0,0.132,RandomForest,Sequia
G2993,0,0,0.0,RandomForest,Sequia
G20962,1,1,0.996,RandomForest,Sequia
G51885,0,0,0.41,RandomForest,Sequia
G884,1,0,0.442,RandomForest,Sequia
G20179,1,1,0.926,RandomForest,Sequia
G7958,1,1,0.91,RandomForest,Sequia
G18188,0,0,0.11,RandomForest,Sequia
G12440,0,0,0.21,RandomForest,Sequia
G18561,0,0,0.002,RandomForest,Sequia
G18613,0,0,0.0,RandomForest,Sequia
G50425,0,0,0.066,RandomForest,Sequia
G22514,1,1,0.84,RandomForest,Sequia
G22489,0,0,0.198,RandomForest,Sequia
G23607,0,0,0.0,RandomForest,Sequia
G7056,0,0,0.004,RandomForest,Sequia
G3397,0,0,0.014,RandomForest,Sequia
G22815,0,0,0.002,RandomForest,Sequia
G22630,0,1,0.652,RandomForest,Sequia
G11568,0,0,0.142,RandomForest,Sequia
G15939,1,1,0.998,RandomForest,Sequia
G19897,0,0,0.034,RandomForest,Sequia
G50431A,0,0,0.086,RandomForest,Sequia
G142A,0,0,0.044,RandomForest,Sequia
G1803,0,0,0.0,RandomForest,Sequia
G5542,0,0,0.008,RandomForest,Sequia
G8178,1,1,0.782,RandomForest,Sequia
G22146,0,1,0.838,RandomForest,Sequia
G474,0,0,0.106,RandomForest,Sequia
G4134,0,0,0.058,RandomForest,Sequia
G22798,0,0,0.002,RandomForest,Sequia
G9657,1,1,0.72,RandomForest,Sequia
G20746,1,1,0.93,RandomForest,Sequia
G24353,0,0,0.0,RandomForest,Sequia
G20155,1,1,0.868,RandomForest,Sequia
G51604,0,0,0.02,RandomForest,Sequia
G47,0,0,0.026,RandomForest,Sequia
G18208,1,1,0.866,RandomForest,Sequia
G3377,0,0,0.004,RandomForest,Sequia
G805,0,0,0.002,RandomForest,Sequia
G17227A,0,0,0.028,RandomForest,Sequia
G50883,0,0,0.324,RandomForest,Sequia
G22751,1,1,0.958,RandomForest,Sequia
G516,1,1,0.83,RandomForest,Sequia
G3017,0,0,0.006,RandomForest,Sequia
G50381,0,0,0.056,RandomForest,Sequia
G17197,0,0,0.082,RandomForest,Sequia
G16801,0,0,0.082,RandomForest,Sequia
G3529,0,0,0.246,RandomForest,Sequia
G13613,0,0,0.0,RandomForest,Sequia
G23727,0,0,0.156,RandomForest,Sequia
G521,1,1,0.906,RandomForest,Sequia
G50341,1,1,0.814,RandomForest,Sequia
G10140,1,1,0.996,RandomForest,Sequia
G16795,0,0,0.122,RandomForest,Sequia
G22828,0,0,0.002,RandomForest,Sequia
G50015F,0,0,0.002,RandomForest,Sequia
G282,0,0,0.01,RandomForest,Sequia
G51193,0,0,0.008,RandomForest,Sequia
G239A,0,0,0.108,RandomForest,Sequia
G50061,0,0,0.01,RandomForest,Sequia
G15941,1,1,0.996,RandomForest,Sequia
G13746,0,0,0.0,RandomForest,Sequia
G7253C,0,1,0.94,RandomForest,Sequia
G50020,0,0,0.016,RandomForest,Sequia
G846,1,0,0.47,RandomForest,Sequia
G20837,1,1,0.814,RandomForest,Sequia
G23610,0,0,0.012,RandomForest,Sequia
G20904,1,1,0.996,RandomForest,Sequia
G22486,1,1,0.87,RandomForest,Sequia
G11866,1,1,0.99,RandomForest,Sequia
G5711,0,0,0.014,RandomForest,Sequia
G24067,1,1,0.722,RandomForest,Sequia
G9900,0,0,0.306,RandomForest,Sequia
G23764A,0,0,0.136,RandomForest,Sequia
G19892,0,0,0.004,RandomForest,Sequia
G11885,1,1,0.99,RandomForest,Sequia
G10131,1,1,1.0,RandomForest,Sequia
G2415,0,0,0.032,RandomForest,Sequia
G6757,0,0,0.004,RandomForest,Sequia
G22865,1,0,0.496,RandomForest,Sequia
G23531,0,0,0.0,RandomForest,Sequia
G12913,0,0,0.0,RandomForest,Sequia
G19968A,0,0,0.004,RandomForest,Sequia
G576,1,1,0.94,RandomForest,Sequia
G4321,0,0,0.0,RandomForest,Sequia
G13666,0,0,0.0,RandomForest,Sequia
G22839,0,0,0.108,RandomForest,Sequia
G649,0,0,0.024,RandomForest,Sequia
G10072,1,1,0.98,RandomForest,Sequia
G15288,1,1,0.94,RandomForest,Sequia
G23853,0,0,0.006,RandomForest,Sequia
G18586,0,0,0.0,RandomForest,Sequia
G20975,1,1,0.974,RandomForest,Sequia
G11295,0,0,0.0,RandomForest,Sequia
G611,0,1,0.59,RandomForest,Sequia
G52362,0,0,0.02,RandomForest,Sequia
G18204,1,1,0.528,RandomForest,Sequia
G345,1,1,0.774,RandomForest,Sequia
G20971,1,1,0.982,RandomForest,Sequia
G11030A,0,0,0.0,RandomForest,Sequia
G12878,0,0,0.034,RandomForest,Sequia
G50971,0,0,0.074,RandomForest,Sequia
G23883,0,0,0.006,RandomForest,Sequia
G16455,0,0,0.012,RandomForest,Sequia
G18565,0,0,0.004,RandomForest,Sequia
G20909,1,1,0.99,RandomForest,Sequia
G22373,1,1,0.896,RandomForest,Sequia
G591,1,1,0.898,RandomForest,Sequia
G8184,0,1,0.664,RandomForest,Sequia
G9518,1,0,0.104,RandomForest,Sequia
G24307,0,0,0.02,RandomForest,Sequia
G50107,0,0,0.078,RandomForest,Sequia
G12869,0,0,0.0,RandomForest,Sequia
G24354,0,0,0.004,RandomForest,Sequia
G297,1,1,0.956,RandomForest,Sequia
G20482,0,0,0.02,RandomForest,Sequia
G18249,0,0,0.016,RandomForest,Sequia
G15273,1,1,0.874,RandomForest,Sequia
G3565,0,0,0.008,RandomForest,Sequia
G20803,1,1,0.966,RandomForest,Sequia
G18573,0,0,0.016,RandomForest,Sequia
G2412,0,0,0.028,RandomForest,Sequia
G7386,0,0,0.206,RandomForest,Sequia
G5190,0,0,0.034,RandomForest,Sequia
G13051,1,1,0.616,RandomForest,Sequia
G23731,0,0,0.004,RandomForest,Sequia
G13660,0,0,0.008,RandomForest,Sequia
G826,0,0,0.0,RandomForest,Sequia
G18571,0,0,0.004,RandomForest,Sequia
G18043,1,1,1.0,RandomForest,Sequia
G695,0,0,0.014,RandomForest,Sequia
G4759,0,0,0.034,RandomForest,Sequia
G987,0,0,0.004,RandomForest,Sequia
G12868,0,0,0.02,RandomForest,Sequia
G8912,0,0,0.0,RandomForest,Sequia
G1475,1,0,0.276,RandomForest,Sequia
G13642,0,0,0.004,RandomForest,Sequia
G5045,1,1,0.936,RandomForest,Sequia
G18628,0,0,0.004,RandomForest,Sequia
G20372,1,1,0.644,RandomForest,Sequia
G52,0,0,0.01,RandomForest,Sequia
G23869I,0,0,0.008,RandomForest,Sequia
G50723B,0,0,0.224,RandomForest,Sequia
G19889,0,0,0.038,RandomForest,Sequia
G19895,0,0,0.02,RandomForest,Sequia
G19122,0,0,0.004,RandomForest,Sequia
G20787,1,1,0.988,RandomForest,Sequia
G1856,0,0,0.054,RandomForest,Sequia
G24573,0,0,0.082,RandomForest,Sequia
G23703,0,0,0.022,RandomForest,Sequia
G24927,0,1,0.936,RandomForest,Sequia
G50775,0,0,0.05,RandomForest,Sequia
G20817,1,1,0.904,RandomForest,Sequia
G23447C,0,0,0.014,RandomForest,Sequia
G50038,0,0,0.036,RandomForest,Sequia
G10961,0,0,0.004,RandomForest,Sequia
G2907,0,0,0.006,RandomForest,Sequia
G18575,0,0,0.016,RandomForest,Sequia
G23458,0,0,0.0,RandomForest,Sequia
G20725,1,1,0.974,RandomForest,Sequia
G2927,0,0,0.008,RandomForest,Sequia
G22047,0,0,0.004,RandomForest,Sequia
G419,1,1,0.85,RandomForest,Sequia
G51435,1,1,0.954,RandomForest,Sequia
G1440,0,0,0.022,RandomForest,Sequia
G52349,0,0,0.038,RandomForest,Sequia
G20418,0,0,0.146,RandomForest,Sequia
G22497,1,1,0.69,RandomForest,Sequia
G7312,1,1,0.726,RandomForest,Sequia
G4754,0,0,0.114,RandomForest,Sequia
G52100,0,0,0.012,RandomForest,Sequia
G1695,0,0,0.0,RandomForest,Sequia
G23968,0,1,0.68,RandomForest,Sequia
G2995,0,0,0.0,RandomForest,Sequia
G7006,0,0,0.004,RandomForest,Sequia
G1716,0,0,0.0,RandomForest,Sequia
G14232,1,1,0.624,RandomForest,Sequia
G4718,0,0,0.052,RandomForest,Sequia
G830,0,0,0.002,RandomForest,Sequia
G10177,0,1,0.598,RandomForest,Sequia
G10133,1,1,0.998,RandomForest,Sequia
G1971,0,0,0.0,RandomForest,Sequia
G1735,0,0,0.0,RandomForest,Sequia
G3384,0,0,0.0,RandomForest,Sequia
G21198,0,0,0.024,RandomForest,Sequia
G19153,0,0,0.0,RandomForest,Sequia
G231,0,0,0.014,RandomForest,Sequia
G22741A,1,1,0.852,RandomForest,Sequia
G14185,0,0,0.0,RandomForest,Sequia
G21193,0,0,0.048,RandomForest,Sequia
G18448,0,0,0.012,RandomForest,Sequia
G24498B,0,0,0.024,RandomForest,Sequia
G24463,0,0,0.058,RandomForest,Sequia
G15987,0,0,0.0,RandomForest,Sequia
G413,1,1,0.67,RandomForest,Sequia
G50984,0,0,0.13,RandomForest,Sequia
G24604,0,0,0.0,RandomForest,Sequia
G13891,1,1,0.644,RandomForest,Sequia
G146,0,0,0.284,RandomForest,Sequia
G2010,0,0,0.018,RandomForest,Sequia
G24277,0,0,0.058,RandomForest,Sequia
G20104,0,0,0.054,RandomForest,Sequia
G11125,0,0,0.0,RandomForest,Sequia
G14161,1,1,0.57,RandomForest,Sequia
G21126,0,0,0.016,RandomForest,Sequia
G20292,0,0,0.054,RandomForest,Sequia
G20766,0,1,0.842,RandomForest,Sequia
G50795,0,0,0.028,RandomForest,Sequia
G18651,0,0,0.002,RandomForest,Sequia
G2914,0,0,0.0,RandomForest,Sequia
G14962,0,0,0.0,RandomForest,Sequia
G13928,1,1,0.854,RandomForest,Sequia
G8908,0,0,0.0,RandomForest,Sequia
G50501B,1,1,0.892,RandomForest,Sequia
G1939,0,0,0.066,RandomForest,Sequia
G17217,0,0,0.134,RandomForest,Sequia
G51645C,1,1,0.94,RandomForest,Sequia
G51262D,0,1,0.54,RandomForest,Sequia
G20942,1,1,0.996,RandomForest,Sequia
G23542A,0,0,0.0,RandomForest,Sequia
G7225A,0,0,0.018,RandomForest,Sequia
G13044,0,0,0.248,RandomForest,Sequia
G20274,1,1,0.886,RandomForest,Sequia
G24769,0,1,0.85,RandomForest,Sequia
G16686,0,0,0.008,RandomForest,Sequia
G16007,0,0,0.002,RandomForest,Sequia
G23876,0,0,0.004,RandomForest,Sequia
G7764,0,0,0.128,RandomForest,Sequia
G16576,0,0,0.014,RandomForest,Sequia
G438,0,0,0.038,RandomForest,Sequia
G21199,0,0,0.016,RandomForest,Sequia
G17746,0,0,0.128,RandomForest,Sequia
G11556,0,0,0.114,RandomForest,Sequia
G14687,0,0,0.456,RandomForest,Sequia
G23590,0,0,0.282,RandomForest,Sequia
G11100,0,0,0.064,RandomForest,Sequia
G8199K,0,1,0.664,RandomForest,Sequia
G7071,0,0,0.006,RandomForest,Sequia
G23650,0,0,0.0,RandomForest,Sequia
G6405,0,0,0.118,RandomForest,Sequia
G51183,0,0,0.008,RandomForest,Sequia
G21763,0,0,0.068,RandomForest,Sequia
G23548,0,0,0.062,RandomForest,Sequia
G1390,0,0,0.056,RandomForest,Sequia
G221,0,0,0.018,RandomForest,Sequia
G13935,0,0,0.006,RandomForest,Sequia
G24347,0,0,0.012,RandomForest,Sequia
G24768,0,0,0.478,RandomForest,Sequia
G23967,0,0,0.068,RandomForest,Sequia
G4346,0,0,0.0,RandomForest,Sequia
G13026,0,0,0.002,RandomForest,Sequia
G18721,0,0,0.006,RandomForest,Sequia
G13932,0,0,0.058,RandomForest,Sequia
G8088,0,0,0.006,RandomForest,Sequia
G51029,0,0,0.094,RandomForest,Sequia
G17213D,0,0,0.038,RandomForest,Sequia
G3425,0,0,0.0,RandomForest,Sequia
G22507,1,1,0.742,RandomForest,Sequia
G11031,0,0,0.0,RandomForest,Sequia
G3337,0,0,0.004,RandomForest,Sequia
G1031,1,1,0.98,RandomForest,Sequia
G52098,0,0,0.002,RandomForest,Sequia
G5177,1,1,0.682,RandomForest,Sequia
G52188,0,0,0.094,RandomForest,Sequia
G1701,0,0,0.002,RandomForest,Sequia
G16144,0,0,0.094,RandomForest,Sequia
G20976,1,1,0.982,RandomForest,Sequia
G16810,0,0,0.096,RandomForest,Sequia
G20198,1,1,0.916,RandomForest,Sequia
G6144,0,0,0.038,RandomForest,Sequia
G8170,0,1,0.718,RandomForest,Sequia
G10142,1,1,0.998,RandomForest,Sequia
G22729A,1,1,0.878,RandomForest,Sequia
G18203A,0,0,0.134,RandomForest,Sequia
G52329,0,0,0.07,RandomForest,Sequia
G10070,1,1,0.998,RandomForest,Sequia
G23852,1,1,0.84,RandomForest,Sequia
G12856B,0,0,0.018,RandomForest,Sequia
G24322,0,0,0.012,RandomForest,Sequia
G50983I,1,1,0.704,RandomForest,Sequia
G449,0,0,0.034,RandomForest,Sequia
G6768,0,0,0.004,RandomForest,Sequia
G18595,0,0,0.028,RandomForest,Sequia
G52061,0,0,0.0,RandomForest,Sequia
G23468,0,0,0.0,RandomForest,Sequia
G22521,1,1,0.6,RandomForest,Sequia
G52023,1,1,0.722,RandomForest,Sequia
G602,1,1,0.95,RandomForest,Sequia
G603A,1,1,0.878,RandomForest,Sequia
G24373,0,0,0.002,RandomForest,Sequia
G3618,0,0,0.086,RandomForest,Sequia
G52120,0,0,0.01,RandomForest,Sequia
G14875,0,0,0.0,RandomForest,Sequia
G50007,0,0,0.038,RandomForest,Sequia
G51185,0,0,0.018,RandomForest,Sequia
G23622,0,0,0.006,RandomForest,Sequia
G3197,0,0,0.002,RandomForest,Sequia
G18994,0,0,0.008,RandomForest,Sequia
G7208,0,0,0.008,RandomForest,Sequia
G20834,1,1,0.976,RandomForest,Sequia
G8900,0,0,0.0,RandomForest,Sequia
G459,0,0,0.014,RandomForest,Sequia
G50617,0,0,0.084,RandomForest,Sequia
G18193,0,0,0.236,RandomForest,Sequia
G24541,0,0,0.014,RandomForest,Sequia
G20638,1,1,0.616,RandomForest,Sequia
G52254,0,0,0.018,RandomForest,Sequia
G185,0,0,0.016,RandomForest,Sequia
G16035,0,0,0.0,RandomForest,Sequia
G24645,1,1,0.944,RandomForest,Sequia
G11069,0,0,0.006,RandomForest,Sequia
G8202,0,1,0.78,RandomForest,Sequia
G13668,0,0,0.004,RandomForest,Sequia
G20973,1,1,0.97,RandomForest,Sequia
G623,0,0,0.43,RandomForest,Sequia
G24798,1,1,0.784,RandomForest,Sequia
G18194,0,1,0.792,RandomForest,Sequia
G67,0,0,0.008,RandomForest,Sequia
G14443,1,1,0.994,RandomForest,Sequia
G51618,1,1,0.89,RandomForest,Sequia
G18093,0,0,0.0,RandomForest,Sequia
G3128,0,0,0.05,RandomForest,Sequia
G14378,0,0,0.006,RandomForest,Sequia
G50981,1,1,0.956,RandomForest,Sequia
G38,0,0,0.006,RandomForest,Sequia
G52028,1,1,0.868,RandomForest,Sequia
G11402,0,0,0.0,RandomForest,Sequia
G22474,0,0,0.196,RandomForest,Sequia
G689,1,0,0.49,RandomForest,Sequia
G24313,1,1,0.918,RandomForest,Sequia
G20242,1,1,0.994,RandomForest,Sequia
G7884,0,0,0.0,RandomForest,Sequia
G50474C,0,0,0.036,RandomForest,Sequia
G7854,1,1,0.692,RandomForest,Sequia
G14691,0,1,0.61,RandomForest,Sequia
G3245,0,0,0.016,RandomForest,Sequia
G3341,0,0,0.0,RandomForest,Sequia
G2470,0,0,0.0,RandomForest,Sequia
G41,1,1,0.828,RandomForest,Sequia
G7802,0,0,0.01,RandomForest,Sequia
G915,0,0,0.002,RandomForest,Sequia
G20863,0,1,0.782,RandomForest,Sequia
G24371,0,0,0.024,RandomForest,Sequia
G13675,0,0,0.0,RandomForest,Sequia
G5908,0,0,0.048,RandomForest,Sequia
G2879,0,0,0.01,RandomForest,Sequia
G22624,1,1,0.95,RandomForest,Sequia
G19111,0,0,0.0,RandomForest,Sequia
G314,1,1,0.814,RandomForest,Sequia
G7932,0,0,0.0,RandomForest,Sequia
G139,0,0,0.054,RandomForest,Sequia
G20936B,1,1,0.616,RandomForest,Sequia
G16988,1,1,0.562,RandomForest,Sequia
G16395,0,0,0.0,RandomForest,Sequia
G58,1,1,0.944,RandomForest,Sequia
G20188,1,1,0.95,RandomForest,Sequia
G14252,0,0,0.198,RandomForest,Sequia
G20085,1,1,0.972,RandomForest,Sequia
G11050A,0,0,0.002,RandomForest,Sequia
G4367,0,0,0.044,RandomForest,Sequia
G6943,0,0,0.158,RandomForest,Sequia
G15792,1,1,1.0,RandomForest,Sequia
G51609,0,0,0.096,RandomForest,Sequia
G4843,1,0,0.222,RandomForest,Sequia
G6123,0,0,0.0,RandomForest,Sequia
G50484,1,1,0.982,RandomForest,Sequia
G51362,0,0,0.08,RandomForest,Sequia
G698,1,1,0.832,RandomForest,Sequia
G18457,0,0,0.006,RandomForest,Sequia
G22572,0,0,0.266,RandomForest,Sequia
G12884,0,0,0.014,RandomForest,Sequia
G18615A,0,0,0.0,RandomForest,Sequia
G3521,1,0,0.13,RandomForest,Sequia
G13040,0,0,0.138,RandomForest,Sequia
G13924,1,1,0.972,RandomForest,Sequia
G14853,0,1,0.724,RandomForest,Sequia
G13072,0,0,0.138,RandomForest,Sequia
G5020,0,0,0.304,RandomForest,Sequia
G5545,0,0,0.002,RandomForest,Sequia
G108,0,0,0.01,RandomForest,Sequia
G50849Y,1,1,0.966,RandomForest,Sequia
G51040V,1,1,0.94,RandomForest,Sequia
G4711,0,0,0.088,RandomForest,Sequia
G20165,0,0,0.07,RandomForest,Sequia
G9612,0,0,0.0,RandomForest,Sequia
G12871,0,0,0.1,RandomForest,Sequia
G23970,0,0,0.248,RandomForest,Sequia
G19118,0,0,0.0,RandomForest,Sequia
G24301,1,1,0.924,RandomForest,Sequia
G7001,0,0,0.002,RandomForest,Sequia
G20001,0,0,0.028,RandomForest,Sequia
G23507,0,0,0.14,RandomForest,Sequia
G18701B,0,0,0.0,RandomForest,Sequia
G7803,0,0,0.0,RandomForest,Sequia
G51056,1,1,0.874,RandomForest,Sequia
G13607,0,0,0.0,RandomForest,Sequia
G52614,1,1,0.604,RandomForest,Sequia
G50553,0,0,0.012,RandomForest,Sequia
G432,0,0,0.002,RandomForest,Sequia
G1729,0,0,0.0,RandomForest,Sequia
G24600A,0,0,0.056,RandomForest,Sequia
G13867,0,0,0.0,RandomForest,Sequia
G24309,0,0,0.19,RandomForest,Sequia
G307,1,1,0.8,RandomForest,Sequia
G23722A,0,0,0.168,RandomForest,Sequia
G20348,0,0,0.174,RandomForest,Sequia
G20051,0,0,0.244,RandomForest,Sequia
G22597,1,0,0.452,RandomForest,Sequia
G13625,0,0,0.0,RandomForest,Sequia
G51643,1,1,0.916,RandomForest,Sequia
G4774,0,0,0.056,RandomForest,Sequia
G880,0,0,0.0,RandomForest,Sequia
G19102,0,0,0.004,RandomForest,Sequia
G607,1,0,0.394,RandomForest,Sequia
G4722,0,0,0.078,RandomForest,Sequia
G710A,1,1,0.954,RandomForest,Sequia
G20625,0,0,0.06,RandomForest,Sequia
G50551,0,0,0.014,RandomForest,Sequia
G51616,1,1,0.876,RandomForest,Sequia
G14659,0,0,0.012,RandomForest,Sequia
G6406,1,0,0.474,RandomForest,Sequia
G2670,0,0,0.002,RandomForest,Sequia
G51286D,1,1,0.858,RandomForest,Sequia
G2006,0,0,0.342,RandomForest,Sequia
G20018,1,1,0.696,RandomForest,Sequia
G22502,0,0,0.136,RandomForest,Sequia
G24384,0,0,0.0,RandomForest,Sequia
G20237,1,1,0.966,RandomForest,Sequia
G23438,0,0,0.058,RandomForest,Sequia
G14209,0,0,0.02,RandomForest,Sequia
G50715,0,0,0.026,RandomForest,Sequia
G23578,1,1,0.864,RandomForest,Sequia
G14075,0,0,0.014,RandomForest,Sequia
G11616,0,1,0.562,RandomForest,Sequia
G300A,0,0,0.036,RandomForest,Sequia
G1341,0,0,0.066,RandomForest,Sequia
G20744,1,1,0.998,RandomForest,Sequia
G20627,0,0,0.114,RandomForest,Sequia
G528,1,1,0.77,RandomForest,Sequia
G18654,0,0,0.0,RandomForest,Sequia
G549,1,0,0.356,RandomForest,Sequia
G50011,0,0,0.126,RandomForest,Sequia
G8919,0,0,0.002,RandomForest,Sequia
G11032,0,0,0.0,RandomForest,Sequia
G15815,0,0,0.04,RandomForest,Sequia
G50963,0,0,0.078,RandomForest,Sequia
G10121,1,1,0.976,RandomForest,Sequia
G12234,0,0,0.17,RandomForest,Sequia
G7236,0,1,0.848,RandomForest,Sequia
G3098,0,0,0.014,RandomForest,Sequia
G50967,1,0,0.228,RandomForest,Sequia
G19992,0,0,0.034,RandomForest,Sequia
G8154,1,1,0.972,RandomForest,Sequia
G1669,0,1,0.606,RandomForest,Sequia
G5889,0,0,0.01,RandomForest,Sequia
G51462,1,1,0.93,RandomForest,Sequia
G6794,0,0,0.0,RandomForest,Sequia
G20886,0,0,0.248,RandomForest,Sequia
G20256,1,1,0.99,RandomForest,Sequia
G24580,0,0,0.004,RandomForest,Sequia
G18635,0,0,0.0,RandomForest,Sequia
G4083,1,1,0.576,RandomForest,Sequia
G51187,0,0,0.042,RandomForest,Sequia
G18574,0,0,0.002,RandomForest,Sequia
G12072,0,0,0.048,RandomForest,Sequia
G2820,0,0,0.002,RandomForest,Sequia
G24314,0,0,0.158,RandomForest,Sequia
G4551,0,0,0.218,RandomForest,Sequia
G8159,1,1,0.726,RandomForest,Sequia
G20010,0,0,0.126,RandomForest,Sequia
G6293,0,0,0.054,RandomForest,Sequia
G14017,1,1,0.794,RandomForest,Sequia
G50870A,1,1,0.84,RandomForest,Sequia
G11614,1,1,0.818,RandomForest,Sequia
G52353,0,0,0.014,RandomForest,Sequia
G22699,1,1,0.906,RandomForest,Sequia
G2951,0,0,0.036,RandomForest,Sequia
G938,0,0,0.002,RandomForest,Sequia
G5557,0,0,0.048,RandomForest,Sequia
G6386,0,0,0.0,RandomForest,Sequia
G22027,0,0,0.008,RandomForest,Sequia
G1805,0,0,0.0,RandomForest,Sequia
G1462,0,0,0.214,RandomForest,Sequia
G13717,0,0,0.0,RandomForest,Sequia
G19863,1,0,0.376,RandomForest,Sequia
G51287,1,1,0.958,RandomForest,Sequia
G21161,0,0,0.014,RandomForest,Sequia
G20969,1,1,0.976,RandomForest,Sequia
G24588,0,0,0.008,RandomForest,Sequia
G23160,0,0,0.07,RandomForest,Sequia
G7885,0,0,0.0,RandomForest,Sequia
G20934,1,1,0.568,RandomForest,Sequia
G50426,0,0,0.01,RandomForest,Sequia
G14230,1,0,0.428,RandomForest,Sequia
G18670,0,0,0.0,RandomForest,Sequia
G3191,0,0,0.004,RandomForest,Sequia
G24324A,0,0,0.002,RandomForest,Sequia
G24487A,0,0,0.114,RandomForest,Sequia
G20212,1,1,0.622,RandomForest,Sequia
G17196,0,0,0.016,RandomForest,Sequia
G1769,0,0,0.044,RandomForest,Sequia
G62A,0,0,0.034,RandomForest,Sequia
G441,0,0,0.046,RandomForest,Sequia
G20106,0,0,0.078,RandomForest,Sequia
G9664,0,0,0.114,RandomForest,Sequia
G20719,1,1,0.956,RandomForest,Sequia
G16159,1,0,0.34,RandomForest,Sequia
G22271,1,1,0.978,RandomForest,Sequia
G16974,1,1,0.888,RandomForest,Sequia
G7912,0,0,0.11,RandomForest,Sequia
G50907,0,0,0.012,RandomForest,Sequia
G50505,0,0,0.006,RandomForest,Sequia
G23536,0,0,0.0,RandomForest,Sequia
G18962A,0,0,0.024,RandomForest,Sequia
G23441,0,0,0.032,RandomForest,Sequia
G11056A,0,0,0.004,RandomForest,Sequia
G22525,1,1,0.79,RandomForest,Sequia
G8914,0,0,0.0,RandomForest,Sequia
G480,0,0,0.228,RandomForest,Sequia
G52127,0,0,0.094,RandomForest,Sequia
G18612,0,0,0.0,RandomForest,Sequia
G50537,1,0,0.326,RandomForest,Sequia
G18557,0,0,0.002,RandomForest,Sequia
G11845,0,0,0.05,RandomForest,Sequia
G19683,0,0,0.124,RandomForest,Sequia
G19018,0,0,0.006,RandomForest,Sequia
G6422,0,0,0.004,RandomForest,Sequia
G21940,1,0,0.496,RandomForest,Sequia
G23135,1,0,0.062,RandomForest,Sequia
G2185,0,0,0.0,RandomForest,Sequia
G3072,0,0,0.046,RandomForest,Sequia
G50307,1,1,0.99,RandomForest,Sequia
G51837,0,0,0.018,RandomForest,Sequia
G20764,1,0,0.452,RandomForest,Sequia
G22674,1,1,0.982,RandomForest,Sequia
G222,0,0,0.01,RandomForest,Sequia
G18200A,0,1,0.812,RandomForest,Sequia
G11557,0,0,0.224,RandomForest,Sequia
G50893,0,0,0.054,RandomForest,Sequia
G18636,0,0,0.002,RandomForest,Sequia
G20935,1,1,0.98,RandomForest,Sequia
G24574A,0,0,0.0,RandomForest,Sequia
G22786,0,0,0.006,RandomForest,Sequia
G15839,0,1,0.856,RandomForest,Sequia
G210,0,0,0.054,RandomForest,Sequia
G18201,0,0,0.156,RandomForest,Sequia
G11028,0,0,0.0,RandomForest,Sequia
G22826,0,0,0.004,RandomForest,Sequia
G154,0,0,0.216,RandomForest,Sequia
G11024,0,0,0.0,RandomForest,Sequia
G492,0,0,0.048,RandomForest,Sequia
G554,1,0,0.212,RandomForest,Sequia
G10075,1,1,0.992,RandomForest,Sequia
G7169,0,0,0.062,RandomForest,Sequia
G13092,1,1,0.978,RandomForest,Sequia
G16061,0,0,0.048,RandomForest,Sequia
G622,1,1,0.938,RandomForest,Sequia
G18963,0,0,0.024,RandomForest,Sequia
G24365,0,0,0.004,RandomForest,Sequia
G22800,0,0,0.018,RandomForest,Sequia
G20219,1,1,0.962,RandomForest,Sequia
G17147A,0,0,0.046,RandomForest,Sequia
G802,0,0,0.078,RandomForest,Sequia
G20370,1,1,0.994,RandomForest,Sequia
G16917,1,1,0.89,RandomForest,Sequia
G4892,0,0,0.002,RandomForest,Sequia
G5535,0,0,0.05,RandomForest,Sequia
G8176,0,0,0.09,RandomForest,Sequia
G7806,0,0,0.0,RandomForest,Sequia
G7065,1,1,0.854,RandomForest,Sequia
G52007,1,1,0.952,RandomForest,Sequia
G24378,0,0,0.008,RandomForest,Sequia
G20265,1,1,0.802,RandomForest,Sequia
G20263,1,1,0.956,RandomForest,Sequia
G24767C,0,0,0.434,RandomForest,Sequia
G24006,1,1,0.946,RandomForest,Sequia
G24339,0,0,0.006,RandomForest,Sequia
G334,1,1,0.874,RandomForest,Sequia
G411,0,0,0.11,RandomForest,Sequia
G50573,0,0,0.02,RandomForest,Sequia
G4713,0,1,0.926,RandomForest,Sequia
G20932,1,1,0.984,RandomForest,Sequia
G24296,1,1,0.888,RandomForest,Sequia
G514,1,1,0.93,RandomForest,Sequia
G729,1,0,0.366,RandomForest,Sequia
G50477,0,0,0.062,RandomForest,Sequia
G20559,0,0,0.298,RandomForest,Sequia
G50852,0,0,0.066,RandomForest,Sequia
G18715,0,0,0.0,RandomForest,Sequia
G23586,0,0,0.034,RandomForest,Sequia
G23611,0,0,0.004,RandomForest,Sequia
G4397,0,0,0.0,RandomForest,Sequia
G50552,1,1,0.616,RandomForest,Sequia
G20204,1,1,0.968,RandomForest,Sequia
G6941,0,0,0.038,RandomForest,Sequia
G51456,1,1,0.538,RandomForest,Sequia
G22578,1,1,0.7,RandomForest,Sequia
G7314,0,0,0.08,RandomForest,Sequia
G51594,1,1,0.964,RandomForest,Sequia
G20,0,0,0.208,RandomForest,Sequia
G4272,0,0,0.066,RandomForest,Sequia
G2920,0,0,0.022,RandomForest,Sequia
G52062,0,0,0.034,RandomForest,Sequia
G8934,1,1,0.974,RandomForest,Sequia
G2616,0,0,0.0,RandomForest,Sequia
G20488,1,1,0.872,RandomForest,Sequia
G5179,0,0,0.086,RandomForest,Sequia
G9602,0,0,0.112,RandomForest,Sequia
G52326,1,1,0.64,RandomForest,Sequia
G50565,0,0,0.002,RandomForest,Sequia
G22608A,1,1,0.958,RandomForest,Sequia
G22559,1,1,0.818,RandomForest,Sequia
G22389,1,1,0.94,RandomForest,Sequia
G24386,0,0,0.006,RandomForest,Sequia
G22824,0,0,0.0,RandomForest,Sequia
G3201,0,0,0.0,RandomForest,Sequia
G18047,1,1,0.882,RandomForest,Sequia
G10963,0,0,0.002,RandomForest,Sequia
G12032,0,0,0.01,RandomForest,Sequia
G20356,1,1,0.996,RandomForest,Sequia
G19004,0,0,0.042,RandomForest,Sequia
G7387,0,0,0.116,RandomForest,Sequia
G23892,0,0,0.02,RandomForest,Sequia
G3542,0,0,0.008,RandomForest,Sequia
G3252,0,0,0.038,RandomForest,Sequia
G1737,0,0,0.006,RandomForest,Sequia
G6140,0,0,0.048,RandomForest,Sequia
G50460,0,0,0.004,RandomForest,Sequia
G18666,0,0,0.006,RandomForest,Sequia
G20250A,1,1,0.664,RandomForest,Sequia
G11124,0,0,0.024,RandomForest,Sequia
G5143,0,0,0.094,RandomForest,Sequia
G59,0,0,0.026,RandomForest,Sequia
G51467,1,1,0.966,RandomForest,Sequia
G51434,1,1,0.842,RandomForest,Sequia
G18699C,0,0,0.02,RandomForest,Sequia
G12674,0,0,0.03,RandomForest,Sequia
G51460,1,1,0.842,RandomForest,Sequia
G20251B,0,0,0.476,RandomForest,Sequia
G24308,1,1,0.948,RandomForest,Sequia
G3038,0,0,0.006,RandomForest,Sequia
G16865,1,0,0.49,RandomForest,Sequia
G20813,1,1,0.968,RandomForest,Sequia
G17212,0,0,0.046,RandomForest,Sequia
G50507,0,0,0.252,RandomForest,Sequia
G1724,0,0,0.0,RandomForest,Sequia
G51375,0,0,0.002,RandomForest,Sequia
G22494,1,1,0.722,RandomForest,Sequia
G23545,0,0,0.0,RandomForest,Sequia
G19395,0,0,0.058,RandomForest,Sequia
G50889,1,1,0.74,RandomForest,Sequia
G14690,1,1,0.604,RandomForest,Sequia
G1944,0,0,0.086,RandomForest,Sequia
G20007,0,0,0.39,RandomForest,Sequia
G20728,1,1,0.99,RandomForest,Sequia
G6781,0,0,0.0,RandomForest,Sequia
G51983,1,1,0.716,RandomForest,Sequia
G9996,0,0,0.004,RandomForest,Sequia
G20887,1,1,0.964,RandomForest,Sequia
G19909,0,0,0.128,RandomForest,Sequia
G20889B,1,1,0.976,RandomForest,Sequia
G9542,1,1,0.884,RandomForest,Sequia
G3535,0,0,0.0,RandomForest,Sequia
G19699,0,0,0.022,RandomForest,Sequia
G2906,0,0,0.012,RandomForest,Sequia
G51261,0,0,0.03,RandomForest,Sequia
G935,0,0,0.366,RandomForest,Sequia
G23470,1,1,0.63,RandomForest,Sequia
G52488,0,0,0.044,RandomForest,Sequia
