problema,modelo,y_true,y_proba
sequía,AutoML,0,0.0530178459359383
sequía,AutoML,0,0.0362271889237739
sequía,AutoML,1,0.0499499056577158
sequía,AutoML,0,0.0451460967463068
sequía,AutoML,0,0.0624712478229995
sequía,AutoML,1,0.0434984585667283
sequía,AutoML,1,0.0881244544229041
sequía,AutoML,1,0.0907959082370451
sequía,AutoML,0,0.0681864976803533
sequía,AutoML,0,0.0534329205669841
sequía,AutoML,0,0.0549403192946747
sequía,AutoML,0,0.0400867692722617
sequía,AutoML,0,0.0442104480052317
sequía,AutoML,1,0.0527372753989897
sequía,AutoML,0,0.0546602081546702
sequía,AutoML,0,0.0525128482823118
sequía,AutoML,0,0.0460275572064984
sequía,AutoML,0,0.0450986721273582
sequía,AutoML,0,0.0456387439109695
sequía,AutoML,0,0.0440321080871637
sequía,AutoML,1,0.0490043902888822
sequía,AutoML,0,0.0452644764738175
sequía,AutoML,0,0.0951571423409786
sequía,AutoML,0,0.0438028750635683
sequía,AutoML,0,0.0523160157868029
sequía,AutoML,0,0.0449409155088499
sequía,AutoML,0,0.0433128267713841
sequía,AutoML,0,0.0469183899775173
sequía,AutoML,0,0.0562814652995886
sequía,AutoML,1,0.0490588681401386
sequía,AutoML,0,0.0515940505315239
sequía,AutoML,0,0.0591285949316555
sequía,AutoML,0,0.0432803803010582
sequía,AutoML,0,0.0555559723597981
sequía,AutoML,1,0.0521408892841018
sequía,AutoML,0,0.0455437085140263
sequía,AutoML,0,0.0899664682624965
sequía,AutoML,1,0.0447981233790491
sequía,AutoML,0,0.0810352031724278
sequía,AutoML,0,0.0889733601591321
sequía,AutoML,0,0.0439474346571029
sequía,AutoML,1,0.0465241764133081
sequía,AutoML,0,0.0433768640552014
sequía,AutoML,0,0.0483844815193447
sequía,AutoML,0,0.0897044176175609
sequía,AutoML,0,0.0916648396228241
sequía,AutoML,0,0.0454372633822533
sequía,AutoML,0,0.0451663557983041
sequía,AutoML,0,0.043942207759446
sequía,AutoML,0,0.0788769613033127
sequía,AutoML,0,0.0536404442863315
sequía,AutoML,0,0.04309888463546
sequía,AutoML,0,0.0527866168028955
sequía,AutoML,0,0.0913432950662687
sequía,AutoML,0,0.0455962837457957
sequía,AutoML,0,0.0957552803760496
sequía,AutoML,0,0.0541837671261251
sequía,AutoML,0,0.0488194979462773
sequía,AutoML,1,0.0464374535843003
sequía,AutoML,0,0.0432686101394338
sequía,AutoML,0,0.0459071965325198
sequía,AutoML,0,0.0511492242499966
sequía,AutoML,0,0.0436736376369124
sequía,AutoML,0,0.0962831155873102
sequía,AutoML,0,0.0438044835259183
sequía,AutoML,1,0.0365914603120905
sequía,AutoML,0,0.0526619897174092
sequía,AutoML,0,0.0538034038514727
sequía,AutoML,1,0.0538049111282215
sequía,AutoML,0,0.0445876195591617
sequía,AutoML,0,0.0513418637407657
sequía,AutoML,0,0.0536710783134328
sequía,AutoML,0,0.0887002027848521
sequía,AutoML,0,0.0451153918180821
sequía,AutoML,0,0.0425266012053933
sequía,AutoML,0,0.0539742763244604
sequía,AutoML,0,0.0540056110229774
sequía,AutoML,0,0.0443186335562862
sequía,AutoML,0,0.0888276686194519
sequía,AutoML,0,0.0907302296392255
sequía,AutoML,0,0.0547218582807332
sequía,AutoML,0,0.0463347878536549
sequía,AutoML,0,0.0510021939842326
sequía,AutoML,1,0.0447510179554315
sequía,AutoML,0,0.0458732943304646
sequía,AutoML,0,0.0536911966037956
sequía,AutoML,0,0.0895699085307042
sequía,AutoML,0,0.0445930537146199
sequía,AutoML,0,0.0474471451469522
sequía,AutoML,1,0.0418209313941561
sequía,AutoML,0,0.0513622884041597
sequía,AutoML,1,0.0879929817138257
sequía,AutoML,0,0.0921814817139708
sequía,AutoML,0,0.0481742616513511
sequía,AutoML,0,0.0440043784804084
sequía,AutoML,0,0.0456588137178405
sequía,AutoML,0,0.0455968673069866
sequía,AutoML,0,0.0846390421937989
sequía,AutoML,0,0.0487626265208148
sequía,AutoML,0,0.0586746792927353
sequía,AutoML,0,0.0896874655112309
sequía,AutoML,0,0.0528471672292783
sequía,AutoML,1,0.0458155420440977
sequía,AutoML,0,0.0467839762783204
sequía,AutoML,0,0.053881138664345
sequía,AutoML,0,0.0445920007856948
sequía,AutoML,0,0.0449412978179239
sequía,AutoML,0,0.0421564362358064
sequía,AutoML,0,0.0538859875176561
sequía,AutoML,0,0.0959288870202509
sequía,AutoML,0,0.089398750963893
sequía,AutoML,0,0.0522829255003215
sequía,AutoML,0,0.0497356947915078
sequía,AutoML,0,0.0480859291290545
sequía,AutoML,0,0.0506246154373338
sequía,AutoML,0,0.0437286004255871
sequía,AutoML,0,0.0439917134092596
sequía,AutoML,0,0.0871791066046248
sequía,AutoML,1,0.0428270404412131
sequía,AutoML,0,0.0516722701183688
sequía,AutoML,0,0.0889358465860552
sequía,AutoML,0,0.0443828504151677
sequía,AutoML,0,0.0533661480953602
sequía,AutoML,0,0.0402533892952672
sequía,AutoML,1,0.0549571367196135
sequía,AutoML,0,0.0503132711429529
sequía,AutoML,0,0.0548572316460321
sequía,AutoML,0,0.0406472866263244
sequía,AutoML,0,0.04726156755207
sequía,AutoML,0,0.0539842266011839
sequía,AutoML,1,0.0451093127344162
sequía,AutoML,0,0.043511065286234
sequía,AutoML,1,0.0982586068223216
sequía,AutoML,0,0.0514194767974026
sequía,AutoML,1,0.0530935170879585
sequía,AutoML,0,0.0461288775128128
sequía,AutoML,1,0.0430835515400094
sequía,AutoML,0,0.0453771360123077
sequía,AutoML,0,0.0888475215532616
sequía,AutoML,0,0.0480430773644545
sequía,AutoML,0,0.0512636369944144
sequía,AutoML,0,0.0453713166436443
sequía,AutoML,0,0.091433770118236
sequía,AutoML,0,0.0797095266582214
sequía,AutoML,0,0.0459142055575604
sequía,AutoML,0,0.0438920060218278
sequía,AutoML,1,0.0433110044692157
sequía,AutoML,1,0.0505122516741829
sequía,AutoML,0,0.0415617717787014
sequía,AutoML,0,0.0528024293757816
sequía,AutoML,1,0.0460179149942078
sequía,AutoML,0,0.0430253890517772
sequía,AutoML,0,0.0475743535116908
sequía,AutoML,0,0.0536042037554597
sequía,AutoML,1,0.0513924663168669
sequía,AutoML,0,0.0521239880646288
sequía,AutoML,0,0.0465264180628365
sequía,AutoML,0,0.0527894007785016
sequía,AutoML,1,0.0437233678448619
sequía,AutoML,1,0.0460276051730785
sequía,AutoML,0,0.043493591955998
sequía,AutoML,1,0.0446546538123115
sequía,AutoML,1,0.0518819630987928
sequía,AutoML,0,0.0437183817823984
sequía,AutoML,0,0.044667811410368
sequía,AutoML,0,0.0872327410211793
sequía,AutoML,0,0.0447004261724165
sequía,AutoML,0,0.041344310195831
sequía,AutoML,0,0.0428459626395092
sequía,AutoML,0,0.0526465389881902
sequía,AutoML,1,0.053752895930651
sequía,AutoML,0,0.0433602573278228
sequía,AutoML,0,0.0531804182009671
sequía,AutoML,1,0.043994224814766
sequía,AutoML,1,0.0436340530086901
sequía,AutoML,1,0.051302739071517
sequía,AutoML,0,0.0452022894566978
sequía,AutoML,0,0.0457234358014455
sequía,AutoML,0,0.0454203917191703
sequía,AutoML,0,0.0894257315856071
sequía,AutoML,0,0.0594727612925455
sequía,AutoML,0,0.044749063028839
sequía,AutoML,1,0.0899374141671543
sequía,AutoML,0,0.0962141310411305
sequía,AutoML,0,0.0425431652108988
sequía,AutoML,0,0.0439581356754135
sequía,AutoML,0,0.0432133644843663
sequía,AutoML,0,0.043950733507386
sequía,AutoML,0,0.0469366825129882
sequía,AutoML,0,0.0403261724458183
sequía,AutoML,0,0.0528468336810907
sequía,AutoML,0,0.0436566008481968
sequía,AutoML,0,0.0520307964245815
sequía,AutoML,0,0.0458237575563455
sequía,AutoML,0,0.0448777997824702
sequía,AutoML,0,0.0481583358554354
sequía,AutoML,0,0.0457923134782677
sequía,AutoML,0,0.0573572524959066
sequía,AutoML,0,0.052724795686951
sequía,AutoML,0,0.0418050991325567
sequía,AutoML,0,0.0838720603287888
sequía,AutoML,0,0.0362667295982413
sequía,AutoML,0,0.0444605824320236
sequía,AutoML,0,0.0446365029597739
sequía,AutoML,0,0.0858480196084651
sequía,AutoML,0,0.0445300727974277
sequía,AutoML,0,0.0555910103492193
sequía,AutoML,0,0.0527981036845797
sequía,AutoML,1,0.0901794273234878
sequía,AutoML,0,0.0530939291239678
sequía,AutoML,1,0.0448930494964233
sequía,AutoML,0,0.0417379744244521
sequía,AutoML,1,0.0434484134205288
sequía,AutoML,0,0.0424431915383568
sequía,AutoML,0,0.0486078611074417
sequía,AutoML,0,0.0454016934107772
sequía,AutoML,0,0.0528361742123763
sequía,AutoML,1,0.0418478740192641
sequía,AutoML,0,0.0478566878568536
sequía,AutoML,0,0.0482341832111766
sequía,AutoML,1,0.0543745263684861
sequía,AutoML,0,0.0525052239751187
sequía,AutoML,0,0.0460605530294979
sequía,AutoML,0,0.0449898245878193
sequía,AutoML,0,0.0436610539392726
sequía,AutoML,0,0.0904744299597187
sequía,AutoML,0,0.0438228166097148
sequía,AutoML,1,0.0455271118492885
sequía,AutoML,0,0.0440635874601229
sequía,AutoML,0,0.044678016065521
sequía,AutoML,0,0.0433293024179818
sequía,AutoML,0,0.0456786323872627
sequía,AutoML,0,0.050692922831595
sequía,AutoML,0,0.0448050758759074
sequía,AutoML,0,0.0548558556966401
sequía,AutoML,1,0.0505684339654722
sequía,AutoML,0,0.0892799311421651
sequía,AutoML,0,0.0449995890273592
sequía,AutoML,0,0.0527402011833287
sequía,AutoML,0,0.0519575047712942
sequía,AutoML,0,0.0531862796241809
sequía,AutoML,0,0.043179944382426
sequía,AutoML,0,0.0535765910480764
sequía,AutoML,1,0.0538175384900299
sequía,AutoML,0,0.0537846360645844
sequía,AutoML,0,0.0444137765963234
sequía,AutoML,0,0.041316081669123
sequía,AutoML,1,0.0510515742502484
sequía,AutoML,1,0.0448713654252934
sequía,AutoML,0,0.04480451492235
sequía,AutoML,0,0.0511288194713874
sequía,AutoML,0,0.0540536483256108
sequía,AutoML,0,0.0431515945721259
sequía,AutoML,0,0.0414063948867379
sequía,AutoML,0,0.0470239182361059
sequía,AutoML,0,0.0442489137962921
sequía,AutoML,0,0.0494395914344545
sequía,AutoML,0,0.0499040235859091
sequía,AutoML,0,0.0431345310161406
sequía,AutoML,0,0.0447328411037237
sequía,AutoML,0,0.0455787028208424
sequía,AutoML,1,0.0443107484403256
sequía,AutoML,0,0.0449433617586288
sequía,AutoML,0,0.0880580632704468
sequía,AutoML,0,0.0451287400601579
sequía,AutoML,0,0.0570359999321478
sequía,AutoML,0,0.0616192100485926
sequía,AutoML,0,0.0473164815889563
sequía,AutoML,1,0.0533837739031864
sequía,AutoML,0,0.0525194811520367
sequía,AutoML,0,0.0515295948370457
sequía,AutoML,0,0.0889532615329426
sequía,AutoML,0,0.0431797443670226
sequía,AutoML,1,0.0555400956227942
sequía,AutoML,0,0.0864432838707215
sequía,AutoML,0,0.0538601841304645
sequía,AutoML,1,0.0547214041205692
sequía,AutoML,0,0.0414673291439726
sequía,AutoML,0,0.0903227914037629
sequía,AutoML,0,0.0488193035500712
sequía,AutoML,1,0.0533616202289493
sequía,AutoML,0,0.0433266489822496
sequía,AutoML,0,0.0550346442785033
sequía,AutoML,0,0.0475828668785519
sequía,AutoML,0,0.0424449269994853
sequía,AutoML,0,0.0446148893016806
sequía,AutoML,0,0.0455068979377984
sequía,AutoML,0,0.0410465826050915
sequía,AutoML,0,0.0508485455581113
sequía,AutoML,0,0.0935265024913714
sequía,AutoML,0,0.0906199679339136
sequía,AutoML,0,0.0888655305171885
sequía,AutoML,0,0.043650816190233
sequía,AutoML,0,0.053319953368202
sequía,AutoML,0,0.0518653971941506
sequía,AutoML,0,0.0427283405021467
sequía,AutoML,0,0.0460822168363609
sequía,AutoML,0,0.0528810279179016
sequía,AutoML,0,0.0467872286204432
sequía,AutoML,0,0.0435830189162912
sequía,AutoML,0,0.0461853440194303
sequía,AutoML,0,0.0449108754393506
sequía,AutoML,1,0.0556108774883139
sequía,AutoML,0,0.0447109167571001
sequía,AutoML,0,0.0540685538755144
sequía,AutoML,0,0.0541557114788031
sequía,AutoML,0,0.0531743440723922
sequía,AutoML,0,0.0452362713581259
sequía,AutoML,0,0.0566899750152375
sequía,AutoML,0,0.0433283564645234
sequía,AutoML,0,0.0460055887453806
sequía,AutoML,0,0.0452701587693968
sequía,AutoML,0,0.0543642736767362
sequía,AutoML,0,0.044385658722159
sequía,AutoML,0,0.0486269292095791
sequía,AutoML,0,0.0529005445823185
sequía,AutoML,0,0.0562183358113148
sequía,AutoML,0,0.0544316209506846
sequía,AutoML,0,0.0531941622030358
sequía,AutoML,0,0.0901249424399454
sequía,AutoML,0,0.0460002223069136
sequía,AutoML,1,0.0928975343481776
sequía,AutoML,0,0.0558044955026702
sequía,AutoML,0,0.0433211269041611
sequía,AutoML,0,0.053488712581364
sequía,AutoML,0,0.0537996996183414
sequía,AutoML,0,0.0397369980575
sequía,AutoML,0,0.0798471322927984
sequía,AutoML,0,0.051721730183356
sequía,AutoML,0,0.0423115884151546
sequía,AutoML,0,0.0492734893939845
sequía,AutoML,0,0.0536761600773069
sequía,AutoML,0,0.0539281326509643
sequía,AutoML,0,0.0886331744066161
sequía,AutoML,0,0.0446837565261074
sequía,AutoML,0,0.0467409477515913
sequía,AutoML,0,0.0419463972762492
sequía,AutoML,0,0.0896445739871732
sequía,AutoML,0,0.0425822622654001
sequía,AutoML,0,0.0435968725906771
sequía,AutoML,0,0.0433777151785106
sequía,AutoML,0,0.0931918817109172
sequía,AutoML,0,0.0467776839834147
sequía,AutoML,0,0.0417168884128478
sequía,AutoML,0,0.0513344208162148
sequía,AutoML,0,0.0431701733481537
sequía,AutoML,0,0.0446183906230674
sequía,AutoML,0,0.0555368547969938
sequía,AutoML,1,0.0497880311422472
sequía,AutoML,1,0.0539115508022409
sequía,AutoML,1,0.0421776061258741
sequía,AutoML,0,0.0929533171821092
sequía,AutoML,0,0.0448587689470673
sequía,AutoML,0,0.0539150521869075
sequía,AutoML,0,0.0489809589982576
sequía,AutoML,1,0.0599315166595859
sequía,AutoML,0,0.0448013641812968
sequía,AutoML,0,0.0829953109622328
sequía,AutoML,0,0.0915592704370568
sequía,AutoML,0,0.0440701246771046
sequía,AutoML,1,0.0908293349735362
sequía,AutoML,0,0.0426427255061248
sequía,AutoML,0,0.047769974097541
sequía,AutoML,0,0.0430459368857553
sequía,AutoML,0,0.0924979147635217
sequía,AutoML,0,0.0452829143738543
sequía,AutoML,0,0.0627189943446109
sequía,AutoML,1,0.0440486479968435
sequía,AutoML,0,0.0548806280795236
sequía,AutoML,0,0.0472718209208098
sequía,AutoML,0,0.0622668719754971
sequía,AutoML,1,0.0436158739286702
sequía,AutoML,0,0.053067541368772
sequía,AutoML,0,0.0440530593769626
sequía,AutoML,1,0.0442991637575909
sequía,AutoML,0,0.0502626544387107
sequía,AutoML,0,0.0539360068677882
sequía,AutoML,1,0.0487464908179298
sequía,AutoML,0,0.0456001602475939
sequía,AutoML,0,0.0557039318770012
sequía,AutoML,0,0.0524232083788976
sequía,AutoML,0,0.0481767977243217
sequía,AutoML,0,0.0454304730738468
sequía,AutoML,0,0.0369671945477081
sequía,AutoML,0,0.0510478762001436
sequía,AutoML,0,0.0525475066998646
sequía,AutoML,0,0.0898515769007745
sequía,AutoML,0,0.0423163875469114
sequía,AutoML,0,0.0480142156433855
sequía,AutoML,0,0.0484745946117997
sequía,AutoML,1,0.0414416781283477
sequía,AutoML,0,0.0797702319363891
sequía,AutoML,1,0.0430321732764258
sequía,AutoML,0,0.0548792328016983
sequía,AutoML,0,0.0415297092365996
sequía,AutoML,0,0.0406290007716406
sequía,AutoML,0,0.0450030993229786
sequía,AutoML,1,0.0541211167863083
sequía,AutoML,1,0.0428310591257206
sequía,AutoML,0,0.043411427441612
sequía,AutoML,0,0.0443606712871911
sequía,AutoML,0,0.0426213449289492
sequía,AutoML,0,0.0453716729429811
sequía,AutoML,0,0.0443727385821154
sequía,AutoML,1,0.0427235252697664
sequía,AutoML,0,0.0438870473439065
sequía,AutoML,0,0.0908884743648302
sequía,AutoML,0,0.0531479160743356
sequía,AutoML,0,0.0914397930122596
sequía,AutoML,0,0.0906247490477491
sequía,AutoML,0,0.047089895723506
sequía,AutoML,1,0.0456435010016944
sequía,AutoML,0,0.0527639167915785
sequía,AutoML,0,0.0438586789367416
sequía,AutoML,0,0.0469860496673167
sequía,AutoML,0,0.0444840501234031
sequía,AutoML,0,0.0880341171425049
sequía,AutoML,0,0.0517991072405462
sequía,AutoML,0,0.0873236419374668
sequía,AutoML,0,0.051367598050678
sequía,AutoML,1,0.044313916735663
sequía,AutoML,0,0.0553282084006575
sequía,AutoML,1,0.0438349197590992
sequía,AutoML,0,0.0560081776978147
sequía,AutoML,0,0.0455890669590451
sequía,AutoML,0,0.0423970187617337
sequía,AutoML,0,0.0548065300119311
sequía,AutoML,0,0.0910565742957699
sequía,AutoML,0,0.0516534805219025
sequía,AutoML,0,0.0426822838445629
sequía,AutoML,0,0.0888409599155467
sequía,AutoML,1,0.0418348705094518
sequía,AutoML,0,0.0467051666696525
sequía,AutoML,0,0.0487123509471665
sequía,AutoML,0,0.0383292169048219
sequía,AutoML,0,0.0478860037175856
sequía,AutoML,0,0.0463972271878117
sequía,AutoML,0,0.0893547246126957
sequía,AutoML,0,0.0456266612879912
sequía,AutoML,0,0.052708352553904
sequía,AutoML,0,0.0642504936806058
sequía,AutoML,0,0.0908738456922759
sequía,AutoML,0,0.0414818437661728
sequía,AutoML,1,0.0888167564420906
sequía,AutoML,1,0.0425553322368858
sequía,AutoML,0,0.0434967238376583
sequía,AutoML,0,0.0451014660231884
sequía,AutoML,0,0.054425397263281
sequía,AutoML,0,0.0497688109137649
sequía,AutoML,0,0.0830927598516199
sequía,AutoML,0,0.0555043191836893
sequía,AutoML,1,0.05745886285704
sequía,AutoML,0,0.0451399322021705
sequía,AutoML,0,0.0557889054520213
sequía,AutoML,0,0.0558806462692247
sequía,AutoML,0,0.0505520478609125
sequía,AutoML,0,0.0492802852383029
sequía,AutoML,1,0.0441513240313003
sequía,AutoML,0,0.051846367781043
sequía,AutoML,1,0.0457487545267756
sequía,AutoML,0,0.0488735756169852
sequía,AutoML,0,0.0884132762569826
sequía,AutoML,1,0.042787996644561
sequía,AutoML,1,0.0435045151011632
sequía,AutoML,0,0.0410688771570473
sequía,AutoML,1,0.0462899749908225
sequía,AutoML,0,0.0436466023359912
sequía,AutoML,0,0.0467810104802404
sequía,AutoML,1,0.0449821125818365
sequía,AutoML,1,0.043077888570194
sequía,AutoML,0,0.0495227410015464
sequía,AutoML,0,0.0477961100958498
sequía,AutoML,1,0.0869616817552739
sequía,AutoML,1,0.0541764350155905
sequía,AutoML,0,0.0514144572614653
sequía,AutoML,0,0.0506360895120705
sequía,AutoML,0,0.0531681331337206
sequía,AutoML,0,0.0417006367922701
sequía,AutoML,0,0.0567972888144499
sequía,AutoML,1,0.0420079290138171
sequía,AutoML,0,0.0431393698180012
sequía,AutoML,1,0.0557314961185647
sequía,AutoML,0,0.0420150286453423
sequía,AutoML,0,0.0466952072851778
sequía,AutoML,0,0.045791168100098
sequía,AutoML,0,0.0544073395591187
sequía,AutoML,0,0.0468708570480666
sequía,AutoML,1,0.041544587176094
sequía,AutoML,0,0.0518708950642573
sequía,AutoML,0,0.0533959643018733
sequía,AutoML,0,0.0523682099927723
sequía,AutoML,1,0.0415778431617099
sequía,AutoML,0,0.0531309500190116
sequía,AutoML,0,0.0438403434633228
sequía,AutoML,0,0.0516361056858227
sequía,AutoML,0,0.0449221240727006
sequía,AutoML,0,0.0851093180896863
sequía,AutoML,0,0.0438765237060175
sequía,AutoML,0,0.0455620333372289
sequía,AutoML,0,0.0425149719607346
sequía,AutoML,0,0.0440413975229569
sequía,AutoML,1,0.0910866694787773
sequía,AutoML,0,0.0439487567178427
sequía,AutoML,0,0.0437171275033319
sequía,AutoML,0,0.0798517808458639
sequía,AutoML,0,0.0451321811638527
sequía,AutoML,0,0.0890022387483092
sequía,AutoML,0,0.0525702155660892
sequía,AutoML,0,0.0521951479652822
sequía,AutoML,0,0.0874519224311144
sequía,AutoML,0,0.0555255287146445
sequía,AutoML,1,0.0855074942216548
sequía,AutoML,0,0.0432909569150631
sequía,AutoML,0,0.0463833603266007
sequía,AutoML,0,0.0462594067089184
sequía,AutoML,0,0.0457975018061606
sequía,AutoML,1,0.0465434356484845
sequía,AutoML,0,0.0466629961334459
sequía,AutoML,0,0.0462198255458836
sequía,AutoML,1,0.052174046167364
sequía,AutoML,0,0.0443106971781734
sequía,AutoML,0,0.0742125431974797
sequía,AutoML,0,0.0490848239480945
sequía,AutoML,1,0.0443603188488584
sequía,AutoML,0,0.046293290749375
sequía,AutoML,0,0.0410263095501726
sequía,AutoML,0,0.0436241255272018
sequía,AutoML,1,0.0546834641475188
sequía,AutoML,0,0.0438937566747682
sequía,AutoML,1,0.0525388945761743
sequía,AutoML,0,0.0717529144969793
sequía,AutoML,0,0.0558588976613251
sequía,AutoML,0,0.0458697782506168
sequía,AutoML,1,0.0457114821688177
sequía,AutoML,0,0.0455501267713943
sequía,AutoML,0,0.0465322512846695
sequía,AutoML,0,0.0512214439901999
sequía,AutoML,0,0.0515170476828428
sequía,AutoML,1,0.0439002915356446
sequía,AutoML,1,0.0543528748153845
sequía,AutoML,0,0.0500747900410663
sequía,AutoML,0,0.0450021606145445
sequía,AutoML,0,0.043345379294765
sequía,AutoML,0,0.0525715751056946
sequía,AutoML,0,0.0428690059866157
sequía,AutoML,0,0.0448827713895792
sequía,AutoML,0,0.0492174228988576
sequía,AutoML,0,0.0529017588515801
sequía,AutoML,0,0.0405271352202177
sequía,AutoML,0,0.0443102668118929
sequía,AutoML,0,0.047003845350644
sequía,AutoML,0,0.0888743910065952
sequía,AutoML,1,0.0448044766408195
sequía,AutoML,0,0.0458401794478895
sequía,AutoML,1,0.0532701970857939
sequía,AutoML,1,0.0877735699757557
sequía,AutoML,0,0.0533854090584123
sequía,AutoML,1,0.0893460690850468
sequía,AutoML,0,0.0431679365192826
sequía,AutoML,1,0.0905180922950188
sequía,AutoML,0,0.045726229338118
sequía,AutoML,0,0.041247674305356
sequía,AutoML,0,0.044769504212449
sequía,AutoML,1,0.0878997774026723
sequía,AutoML,0,0.0428249456135829
sequía,AutoML,0,0.0420887326162043
sequía,AutoML,0,0.0887926228419154
sequía,AutoML,0,0.0917610613662911
sequía,AutoML,0,0.0432273085921678
sequía,AutoML,0,0.0503690829984611
sequía,AutoML,0,0.0544817727515661
sequía,AutoML,0,0.0442084775210882
sequía,AutoML,0,0.0609200818156903
sequía,AutoML,0,0.0853792431207106
sequía,AutoML,0,0.0419842845245237
sequía,AutoML,0,0.0906398796419052
sequía,AutoML,0,0.0912715897577402
sequía,AutoML,0,0.058384118216043
sequía,AutoML,1,0.0516051467964286
sequía,AutoML,0,0.0462450739544028
sequía,AutoML,1,0.0873311622096639
sequía,AutoML,0,0.0478528899875427
sequía,AutoML,0,0.0491442567453939
sequía,AutoML,0,0.0565596500740258
sequía,AutoML,0,0.0527229814233764
sequía,AutoML,0,0.0816366658562703
sequía,AutoML,0,0.0891701077712688
sequía,AutoML,0,0.0547499583527392
sequía,AutoML,0,0.0525562901973818
sequía,AutoML,1,0.039601208996017
sequía,AutoML,0,0.0528350284652168
sequía,AutoML,0,0.0420472255385403
sequía,AutoML,0,0.0451232420899708
sequía,AutoML,0,0.0460903354330126
sequía,AutoML,1,0.0447456684001653
sequía,AutoML,0,0.0436196189100978
sequía,AutoML,0,0.0890331149470739
sequía,AutoML,0,0.0387161500419287
sequía,AutoML,0,0.0497525141217169
sequía,AutoML,0,0.0509966870129193
sequía,AutoML,0,0.0521963102546865
sequía,AutoML,0,0.0782513485342893
sequía,AutoML,0,0.0771929947584472
sequía,AutoML,0,0.0442133646147271
sequía,AutoML,0,0.0423428106297317
sequía,AutoML,1,0.0459369322680563
sequía,AutoML,0,0.0911738301500215
sequía,AutoML,1,0.043497764275201
sequía,AutoML,0,0.0883571309583049
sequía,AutoML,0,0.0442953549383005
sequía,AutoML,0,0.0427931862416881
sequía,AutoML,0,0.0486185179375435
sequía,AutoML,0,0.0522073177973391
sequía,AutoML,0,0.0541642734678366
sequía,AutoML,0,0.0563947762078932
sequía,AutoML,1,0.0990781475410578
sequía,AutoML,0,0.0467591705157779
sequía,AutoML,0,0.0421892959751857
sequía,AutoML,0,0.043336118962024
sequía,AutoML,0,0.0899635724670986
sequía,AutoML,1,0.0441012843342118
sequía,AutoML,0,0.0443202755097678
sequía,AutoML,0,0.088390792691003
sequía,AutoML,0,0.0451957128314548
sequía,AutoML,0,0.0569407491504984
sequía,AutoML,0,0.0505714709895265
sequía,AutoML,0,0.0433392656611872
sequía,AutoML,1,0.0550048882812479
sequía,AutoML,0,0.0453745593418842
sequía,AutoML,0,0.0449281669642942
sequía,AutoML,0,0.0466799945955402
sequía,AutoML,0,0.0419783524448246
sequía,AutoML,0,0.0892359263721896
sequía,AutoML,0,0.0451718569253349
sequía,AutoML,0,0.0467434302019859
sequía,AutoML,0,0.0803313782291983
sequía,AutoML,1,0.0486757057458967
sequía,AutoML,0,0.0415991794590583
sequía,AutoML,0,0.0415906330341213
sequía,AutoML,0,0.0521537795503646
sequía,AutoML,0,0.0456685617661577
sequía,AutoML,0,0.0893868536917747
sequía,AutoML,1,0.0533369764793226
sequía,AutoML,0,0.0451072594107265
sequía,AutoML,0,0.0510406071131099
sequía,AutoML,1,0.0452463026294008
sequía,AutoML,0,0.0442571979916222
sequía,AutoML,1,0.0524303084232114
sequía,AutoML,0,0.0458022499873305
sequía,AutoML,1,0.043993269493785
sequía,AutoML,0,0.0535166746532524
sequía,AutoML,0,0.0452830506895704
sequía,AutoML,0,0.05301679829596
sequía,AutoML,0,0.045615403028363
sequía,AutoML,0,0.0902978418489682
sequía,AutoML,1,0.0429963736005798
sequía,AutoML,0,0.0904635119992407
sequía,AutoML,0,0.0533500461031125
sequía,AutoML,0,0.0434587254326918
sequía,AutoML,0,0.0910966420207199
sequía,AutoML,0,0.0443633681882895
sequía,AutoML,0,0.0620888847838563
sequía,AutoML,0,0.0471912769547903
sequía,AutoML,0,0.0528686696605565
sequía,AutoML,0,0.0513078324877554
sequía,AutoML,0,0.0422479491109611
sequía,AutoML,0,0.053905616475343
sequía,AutoML,0,0.0447657124353275
sequía,AutoML,0,0.0445048643667477
sequía,AutoML,0,0.0521036369785645
sequía,AutoML,0,0.0405600809386387
sequía,AutoML,0,0.0533223702616922
sequía,XGBoost,0,0.001524143386632204
sequía,XGBoost,0,5.288627289701253e-05
sequía,XGBoost,1,0.9993798732757568
sequía,XGBoost,0,9.728920122142881e-05
sequía,XGBoost,0,8.703763160156086e-05
sequía,XGBoost,1,0.9997005462646484
sequía,XGBoost,1,0.9993355870246887
sequía,XGBoost,1,0.9653691649436951
sequía,XGBoost,0,4.558223736239597e-05
sequía,XGBoost,0,0.00028192411991767585
sequía,XGBoost,0,0.00048277241876348853
sequía,XGBoost,0,3.427711999393068e-05
sequía,XGBoost,0,0.00010638919047778472
sequía,XGBoost,1,0.9772830605506897
sequía,XGBoost,0,0.0006505892379209399
sequía,XGBoost,0,6.375279190251604e-05
sequía,XGBoost,0,8.472422632621601e-05
sequía,XGBoost,0,4.5816916099283844e-05
sequía,XGBoost,0,0.00017458145157434046
sequía,XGBoost,0,0.012501278892159462
sequía,XGBoost,1,0.9994438290596008
sequía,XGBoost,0,6.886406481498852e-05
sequía,XGBoost,0,0.00017325910448562354
sequía,XGBoost,0,5.337983384379186e-05
sequía,XGBoost,0,9.921903983922675e-05
sequía,XGBoost,0,0.0005646644858643413
sequía,XGBoost,0,3.3427379094064236e-05
sequía,XGBoost,0,4.224753502057865e-05
sequía,XGBoost,0,0.0022785768378525972
sequía,XGBoost,1,0.9998346567153931
sequía,XGBoost,0,3.9713959267828614e-05
sequía,XGBoost,0,0.0012272759340703487
sequía,XGBoost,0,0.03016774356365204
sequía,XGBoost,0,3.2494881452294067e-05
sequía,XGBoost,1,0.999669075012207
sequía,XGBoost,0,8.279333269456401e-05
sequía,XGBoost,0,0.0003554540453478694
sequía,XGBoost,1,0.9996825456619263
sequía,XGBoost,0,3.981236295658164e-05
sequía,XGBoost,0,0.04475834593176842
sequía,XGBoost,0,0.00019581337983254343
sequía,XGBoost,1,0.9997645020484924
sequía,XGBoost,0,0.00020554377988446504
sequía,XGBoost,0,0.0002197653375333175
sequía,XGBoost,0,0.003785027889534831
sequía,XGBoost,0,3.600745549192652e-05
sequía,XGBoost,0,4.649345646612346e-05
sequía,XGBoost,0,3.957815351895988e-05
sequía,XGBoost,0,6.06249195698183e-05
sequía,XGBoost,0,0.06416508555412292
sequía,XGBoost,0,0.0008194088004529476
sequía,XGBoost,0,0.00011240589810768142
sequía,XGBoost,0,0.011765538714826107
sequía,XGBoost,0,0.00016031299310270697
sequía,XGBoost,0,9.438680717721581e-05
sequía,XGBoost,0,0.0018051776569336653
sequía,XGBoost,0,0.00025868427474051714
sequía,XGBoost,0,0.0001493588206358254
sequía,XGBoost,1,0.947070837020874
sequía,XGBoost,0,0.02292722836136818
sequía,XGBoost,0,3.4652326576178893e-05
sequía,XGBoost,0,0.0010081955697387457
sequía,XGBoost,0,0.005364804994314909
sequía,XGBoost,0,0.0010771597735583782
sequía,XGBoost,0,0.0001690692879492417
sequía,XGBoost,1,0.9972387552261353
sequía,XGBoost,0,0.00014526683662552387
sequía,XGBoost,0,9.55625218921341e-05
sequía,XGBoost,1,0.9964141249656677
sequía,XGBoost,0,0.0612591952085495
sequía,XGBoost,0,3.9609381929039955e-05
sequía,XGBoost,0,0.00011975560482824221
sequía,XGBoost,0,0.00034495742875151336
sequía,XGBoost,0,0.00019282742869108915
sequía,XGBoost,0,0.007678228430449963
sequía,XGBoost,0,3.846747495117597e-05
sequía,XGBoost,0,0.00015598071331623942
sequía,XGBoost,0,0.00018359522800892591
sequía,XGBoost,0,0.5027891397476196
sequía,XGBoost,0,0.0008058156236074865
sequía,XGBoost,0,0.6783832311630249
sequía,XGBoost,0,0.00012685032561421394
sequía,XGBoost,0,3.992482743342407e-05
sequía,XGBoost,1,0.7900515198707581
sequía,XGBoost,0,0.07662530243396759
sequía,XGBoost,0,0.0026217203121632338
sequía,XGBoost,0,0.000795142084825784
sequía,XGBoost,0,5.5307038564933464e-05
sequía,XGBoost,0,0.001787933288142085
sequía,XGBoost,1,0.9976857900619507
sequía,XGBoost,0,6.662680971203372e-05
sequía,XGBoost,1,0.6740431189537048
sequía,XGBoost,0,4.2923205910483375e-05
sequía,XGBoost,0,9.981479524867609e-05
sequía,XGBoost,0,8.901400724425912e-05
sequía,XGBoost,0,8.78358114277944e-05
sequía,XGBoost,0,0.00017144660523626953
sequía,XGBoost,0,8.942963904701173e-05
sequía,XGBoost,0,0.007276508025825024
sequía,XGBoost,0,0.00035635894164443016
sequía,XGBoost,0,4.04422971769236e-05
sequía,XGBoost,0,0.0004943913663737476
sequía,XGBoost,1,0.9997816681861877
sequía,XGBoost,0,0.0006238165660761297
sequía,XGBoost,0,0.002226803218945861
sequía,XGBoost,0,0.0022919517941772938
sequía,XGBoost,0,5.755437086918391e-05
sequía,XGBoost,0,4.564696428133175e-05
sequía,XGBoost,0,0.002259405329823494
sequía,XGBoost,0,0.023894252255558968
sequía,XGBoost,0,5.561935904552229e-05
sequía,XGBoost,0,2.8286576707614586e-05
sequía,XGBoost,0,5.348633203539066e-05
sequía,XGBoost,0,3.2447660487378016e-05
sequía,XGBoost,0,0.00023219991999212652
sequía,XGBoost,0,0.0003299721283838153
sequía,XGBoost,0,6.459307041950524e-05
sequía,XGBoost,0,0.001223565312102437
sequía,XGBoost,1,0.9959750771522522
sequía,XGBoost,0,0.00010175289207836613
sequía,XGBoost,0,0.004442719742655754
sequía,XGBoost,0,0.005520972423255444
sequía,XGBoost,0,9.639813652029261e-05
sequía,XGBoost,0,5.7238277804572135e-05
sequía,XGBoost,1,0.9553208351135254
sequía,XGBoost,0,0.000981255085207522
sequía,XGBoost,0,6.675737677142024e-05
sequía,XGBoost,0,6.968199886614457e-05
sequía,XGBoost,0,0.0003206395485904068
sequía,XGBoost,0,0.00822514109313488
sequía,XGBoost,1,0.9989725351333618
sequía,XGBoost,0,3.5124601708957925e-05
sequía,XGBoost,1,0.9991195797920227
sequía,XGBoost,0,5.402257011155598e-05
sequía,XGBoost,1,0.2332606166601181
sequía,XGBoost,0,3.8159651012392715e-05
sequía,XGBoost,1,0.9842051863670349
sequía,XGBoost,0,6.756363291060552e-05
sequía,XGBoost,0,3.996729719801806e-05
sequía,XGBoost,0,5.874948328710161e-05
sequía,XGBoost,0,0.000481228664284572
sequía,XGBoost,0,4.421996709425002e-05
sequía,XGBoost,0,0.09732004255056381
sequía,XGBoost,0,0.0004491869767662138
sequía,XGBoost,0,0.0017066727159544826
sequía,XGBoost,0,3.6144137993687764e-05
sequía,XGBoost,1,0.5823841094970703
sequía,XGBoost,1,0.9978097081184387
sequía,XGBoost,0,0.0005860482924617827
sequía,XGBoost,0,8.022199472179636e-05
sequía,XGBoost,1,0.9990885257720947
sequía,XGBoost,0,0.0003145275986753404
sequía,XGBoost,0,7.681503484491259e-05
sequía,XGBoost,0,0.0004793548141606152
sequía,XGBoost,1,0.9975478053092957
sequía,XGBoost,0,5.9011308621848e-05
sequía,XGBoost,0,0.0004823236959055066
sequía,XGBoost,0,0.11341153085231781
sequía,XGBoost,1,0.9525992274284363
sequía,XGBoost,1,0.9987297654151917
sequía,XGBoost,0,0.0021003044676035643
sequía,XGBoost,1,0.9990946054458618
sequía,XGBoost,1,0.9970266222953796
sequía,XGBoost,0,3.3740605431376025e-05
sequía,XGBoost,0,7.830665708752349e-05
sequía,XGBoost,0,4.32503511547111e-05
sequía,XGBoost,0,0.0002359802892897278
sequía,XGBoost,0,4.676617754739709e-05
sequía,XGBoost,0,0.00010014943836722523
sequía,XGBoost,0,4.903192530036904e-05
sequía,XGBoost,1,0.9995344877243042
sequía,XGBoost,0,4.9006262997863814e-05
sequía,XGBoost,0,0.03032747656106949
sequía,XGBoost,1,0.9997010231018066
sequía,XGBoost,1,0.5007737874984741
sequía,XGBoost,1,0.9988613128662109
sequía,XGBoost,0,4.375393473310396e-05
sequía,XGBoost,0,0.00023107357264962047
sequía,XGBoost,0,5.1209524826845154e-05
sequía,XGBoost,0,4.23634446633514e-05
sequía,XGBoost,0,4.741286102216691e-05
sequía,XGBoost,0,0.010500148870050907
sequía,XGBoost,1,0.9949437975883484
sequía,XGBoost,0,3.3358468499500304e-05
sequía,XGBoost,0,6.308344745775685e-05
sequía,XGBoost,0,0.00016817661526147276
sequía,XGBoost,0,0.0009013879462145269
sequía,XGBoost,0,0.0007892667199485004
sequía,XGBoost,0,4.769042425323278e-05
sequía,XGBoost,0,0.00014520286640617996
sequía,XGBoost,0,0.00010828070662682876
sequía,XGBoost,0,0.0008988894987851381
sequía,XGBoost,0,0.00038552682963199914
sequía,XGBoost,0,0.0001576889626448974
sequía,XGBoost,0,0.0001288947241846472
sequía,XGBoost,0,3.115240906481631e-05
sequía,XGBoost,0,5.5867127230158076e-05
sequía,XGBoost,0,4.353795884526335e-05
sequía,XGBoost,0,0.00011438767978688702
sequía,XGBoost,0,4.280098801245913e-05
sequía,XGBoost,0,0.00021662478684447706
sequía,XGBoost,0,4.501517832977697e-05
sequía,XGBoost,0,0.1715134233236313
sequía,XGBoost,0,0.00067101139575243
sequía,XGBoost,0,0.0660308375954628
sequía,XGBoost,0,5.1984032324980944e-05
sequía,XGBoost,0,0.0013005268992856145
sequía,XGBoost,0,0.0004114799667149782
sequía,XGBoost,1,0.9998637437820435
sequía,XGBoost,0,0.7632630467414856
sequía,XGBoost,1,0.9995673298835754
sequía,XGBoost,0,3.9264585211640224e-05
sequía,XGBoost,1,0.9998165965080261
sequía,XGBoost,0,0.06793642044067383
sequía,XGBoost,0,3.204216409358196e-05
sequía,XGBoost,0,0.0008501993725076318
sequía,XGBoost,0,3.938812005799264e-05
sequía,XGBoost,1,0.9994021654129028
sequía,XGBoost,0,6.56370393699035e-05
sequía,XGBoost,0,0.0018432768993079662
sequía,XGBoost,1,0.9980693459510803
sequía,XGBoost,0,7.872902642702684e-05
sequía,XGBoost,0,0.00035267925704829395
sequía,XGBoost,0,0.001304036471992731
sequía,XGBoost,0,0.009517288766801357
sequía,XGBoost,0,5.5541495385114104e-05
sequía,XGBoost,0,0.00011189876386197284
sequía,XGBoost,1,0.9993351101875305
sequía,XGBoost,0,0.03436722606420517
sequía,XGBoost,0,0.0007716244435869157
sequía,XGBoost,0,0.0013976856134831905
sequía,XGBoost,0,0.0007862190832383931
sequía,XGBoost,0,0.01629583351314068
sequía,XGBoost,0,7.219820690806955e-05
sequía,XGBoost,0,0.0007465943926945329
sequía,XGBoost,1,0.9912915229797363
sequía,XGBoost,0,0.0002160837029805407
sequía,XGBoost,0,0.005675066262483597
sequía,XGBoost,0,0.11341153085231781
sequía,XGBoost,0,0.00011794045713031664
sequía,XGBoost,0,7.33623601263389e-05
sequía,XGBoost,0,2.7572268663789146e-05
sequía,XGBoost,0,4.534093022812158e-05
sequía,XGBoost,1,0.9914210438728333
sequía,XGBoost,0,3.5802866477752104e-05
sequía,XGBoost,0,4.928324051434174e-05
sequía,XGBoost,0,5.9864058130187914e-05
sequía,XGBoost,1,0.9837411642074585
sequía,XGBoost,1,0.9981586337089539
sequía,XGBoost,0,0.06654036790132523
sequía,XGBoost,0,0.0002193462278228253
sequía,XGBoost,0,3.615030800574459e-05
sequía,XGBoost,0,0.0012569465907290578
sequía,XGBoost,0,0.008527289144694805
sequía,XGBoost,0,3.183617445756681e-05
sequía,XGBoost,0,0.0002465039142407477
sequía,XGBoost,0,7.936976180644706e-05
sequía,XGBoost,0,8.165142207872123e-05
sequía,XGBoost,0,0.00018133957928512245
sequía,XGBoost,0,0.00011800333595601842
sequía,XGBoost,0,3.1158797355601564e-05
sequía,XGBoost,1,0.8687630295753479
sequía,XGBoost,0,0.0010113766184076667
sequía,XGBoost,0,6.221752846613526e-05
sequía,XGBoost,0,5.6174412748077884e-05
sequía,XGBoost,0,3.4131899155909196e-05
sequía,XGBoost,0,3.094576095463708e-05
sequía,XGBoost,0,3.8460140785900876e-05
sequía,XGBoost,1,0.9997268319129944
sequía,XGBoost,0,4.604217974701896e-05
sequía,XGBoost,0,0.0005334413144737482
sequía,XGBoost,0,3.263027247157879e-05
sequía,XGBoost,0,0.003146553412079811
sequía,XGBoost,1,0.7869916558265686
sequía,XGBoost,0,0.0046930573880672455
sequía,XGBoost,0,0.7178947329521179
sequía,XGBoost,1,0.9983019828796387
sequía,XGBoost,0,7.480676867999136e-05
sequía,XGBoost,0,0.0003514431300573051
sequía,XGBoost,0,0.0009996502194553614
sequía,XGBoost,1,0.9980859756469727
sequía,XGBoost,0,0.00017778479377739131
sequía,XGBoost,0,0.00024781510001048446
sequía,XGBoost,0,0.007499922066926956
sequía,XGBoost,0,3.369912155903876e-05
sequía,XGBoost,0,0.00028565761749632657
sequía,XGBoost,0,0.0017714197747409344
sequía,XGBoost,0,4.718880882137455e-05
sequía,XGBoost,0,0.002078833756968379
sequía,XGBoost,0,0.02687087096273899
sequía,XGBoost,0,0.00019692291971296072
sequía,XGBoost,0,0.0003047364589292556
sequía,XGBoost,0,4.151312532485463e-05
sequía,XGBoost,0,0.0001242463185917586
sequía,XGBoost,0,0.00046478910371661186
sequía,XGBoost,0,0.00011150763020850718
sequía,XGBoost,0,0.7053572535514832
sequía,XGBoost,0,5.966026219539344e-05
sequía,XGBoost,0,6.352891068672761e-05
sequía,XGBoost,0,6.675069744233042e-05
sequía,XGBoost,0,0.002396299969404936
sequía,XGBoost,0,6.506352656288072e-05
sequía,XGBoost,1,0.9890251755714417
sequía,XGBoost,0,0.00013315641263034195
sequía,XGBoost,0,9.719295485410839e-05
sequía,XGBoost,0,0.00010957554331980646
sequía,XGBoost,0,8.502117270836607e-05
sequía,XGBoost,0,0.00022501243802253157
sequía,XGBoost,0,0.0022719900589436293
sequía,XGBoost,0,0.0001113479447667487
sequía,XGBoost,0,7.366274803644046e-05
sequía,XGBoost,0,0.0009631421999074519
sequía,XGBoost,0,3.150407428620383e-05
sequía,XGBoost,0,0.0001046053075697273
sequía,XGBoost,0,0.23679764568805695
sequía,XGBoost,0,3.8012592995073646e-05
sequía,XGBoost,0,8.846921264193952e-05
sequía,XGBoost,0,0.0005391069571487606
sequía,XGBoost,0,0.056390829384326935
sequía,XGBoost,0,0.0028666488360613585
sequía,XGBoost,0,0.001728144590742886
sequía,XGBoost,1,0.9952538013458252
sequía,XGBoost,0,0.00023932376643642783
sequía,XGBoost,0,3.719596497830935e-05
sequía,XGBoost,0,4.7196910600177944e-05
sequía,XGBoost,0,0.0005497115198522806
sequía,XGBoost,0,0.00011934703070437536
sequía,XGBoost,0,0.0002202211326221004
sequía,XGBoost,0,0.0001409483957104385
sequía,XGBoost,0,3.092015685979277e-05
sequía,XGBoost,0,0.0002618403232190758
sequía,XGBoost,0,0.0021933987736701965
sequía,XGBoost,0,8.225569035857916e-05
sequía,XGBoost,0,3.528628803906031e-05
sequía,XGBoost,0,2.64701375272125e-05
sequía,XGBoost,0,6.632025906583294e-05
sequía,XGBoost,0,5.017304283683188e-05
sequía,XGBoost,0,3.954744533984922e-05
sequía,XGBoost,0,0.00011801931395893916
sequía,XGBoost,0,0.0008286616648547351
sequía,XGBoost,0,5.622301978291944e-05
sequía,XGBoost,0,0.00011000435915775597
sequía,XGBoost,0,0.00023210783547256142
sequía,XGBoost,0,0.00024154096900019795
sequía,XGBoost,0,6.117470911704004e-05
sequía,XGBoost,0,0.0009689047001302242
sequía,XGBoost,0,6.0264952480793e-05
sequía,XGBoost,0,4.3848460336448625e-05
sequía,XGBoost,1,0.9997381567955017
sequía,XGBoost,1,0.9903996586799622
sequía,XGBoost,1,0.982093334197998
sequía,XGBoost,0,0.47152870893478394
sequía,XGBoost,0,7.31098189135082e-05
sequía,XGBoost,0,0.00016110540309455246
sequía,XGBoost,0,0.0007342103053815663
sequía,XGBoost,1,0.9981046915054321
sequía,XGBoost,0,9.375492663821205e-05
sequía,XGBoost,0,3.044219374714885e-05
sequía,XGBoost,0,4.461124990484677e-05
sequía,XGBoost,0,4.68545185867697e-05
sequía,XGBoost,1,0.9595005512237549
sequía,XGBoost,0,3.901358286384493e-05
sequía,XGBoost,0,7.280620775418356e-05
sequía,XGBoost,0,4.525803160504438e-05
sequía,XGBoost,0,0.0010795816779136658
sequía,XGBoost,0,4.5175154809840024e-05
sequía,XGBoost,0,0.032090723514556885
sequía,XGBoost,1,0.9992947578430176
sequía,XGBoost,0,0.00026733928825706244
sequía,XGBoost,0,0.03258418291807175
sequía,XGBoost,0,7.017385360086337e-05
sequía,XGBoost,1,0.9998123049736023
sequía,XGBoost,0,0.01743789203464985
sequía,XGBoost,0,0.0005716081941500306
sequía,XGBoost,1,0.17344100773334503
sequía,XGBoost,0,0.5326964855194092
sequía,XGBoost,0,0.00022283324506133795
sequía,XGBoost,1,0.9738861322402954
sequía,XGBoost,0,4.826194344786927e-05
sequía,XGBoost,0,4.890808486379683e-05
sequía,XGBoost,0,0.00021162691700737923
sequía,XGBoost,0,7.80443224357441e-05
sequía,XGBoost,0,5.18200067745056e-05
sequía,XGBoost,0,4.475711102713831e-05
sequía,XGBoost,0,9.348228195449337e-05
sequía,XGBoost,0,3.796082455664873e-05
sequía,XGBoost,0,6.424328603316098e-05
sequía,XGBoost,0,3.8432022847700864e-05
sequía,XGBoost,0,0.001648705918341875
sequía,XGBoost,0,4.0871029341360554e-05
sequía,XGBoost,1,0.9996591806411743
sequía,XGBoost,0,0.00021449981431942433
sequía,XGBoost,1,0.9521422982215881
sequía,XGBoost,0,0.0016048416728153825
sequía,XGBoost,0,0.00010903125803451985
sequía,XGBoost,0,0.0015640374040231109
sequía,XGBoost,0,0.004799567628651857
sequía,XGBoost,1,0.19508613646030426
sequía,XGBoost,1,0.5212863087654114
sequía,XGBoost,0,0.0010852752020582557
sequía,XGBoost,0,8.15884632174857e-05
sequía,XGBoost,0,0.013338068500161171
sequía,XGBoost,0,2.7974130716756918e-05
sequía,XGBoost,0,0.0014312057755887508
sequía,XGBoost,1,0.9943055510520935
sequía,XGBoost,0,0.004601208958774805
sequía,XGBoost,0,0.00010720859427237883
sequía,XGBoost,0,0.0007859067409299314
sequía,XGBoost,0,4.981866368325427e-05
sequía,XGBoost,0,5.524393782252446e-05
sequía,XGBoost,0,0.0004208896425552666
sequía,XGBoost,1,0.982937753200531
sequía,XGBoost,0,0.00037992492434568703
sequía,XGBoost,0,0.00011546714085852727
sequía,XGBoost,0,4.211788473185152e-05
sequía,XGBoost,0,4.154623456997797e-05
sequía,XGBoost,0,4.197605812805705e-05
sequía,XGBoost,0,0.00011549917689990252
sequía,XGBoost,0,4.353683834779076e-05
sequía,XGBoost,0,0.0007032552966848016
sequía,XGBoost,1,0.9961995482444763
sequía,XGBoost,0,3.5159318940714e-05
sequía,XGBoost,1,0.993482768535614
sequía,XGBoost,0,6.355969526339322e-05
sequía,XGBoost,0,0.0036064600571990013
sequía,XGBoost,0,8.648660877952352e-05
sequía,XGBoost,0,0.008055625483393669
sequía,XGBoost,0,0.0005886593135073781
sequía,XGBoost,0,0.0001559783413540572
sequía,XGBoost,0,0.00014737188757862896
sequía,XGBoost,0,0.003076296765357256
sequía,XGBoost,1,0.9980529546737671
sequía,XGBoost,0,4.5337947085499763e-05
sequía,XGBoost,0,0.03415665030479431
sequía,XGBoost,0,0.00010754464892670512
sequía,XGBoost,0,4.357808575150557e-05
sequía,XGBoost,0,4.236202948959544e-05
sequía,XGBoost,0,6.617300095967948e-05
sequía,XGBoost,0,4.858328975387849e-05
sequía,XGBoost,0,0.06249372661113739
sequía,XGBoost,0,3.9796268538339064e-05
sequía,XGBoost,0,0.06421756744384766
sequía,XGBoost,0,0.0008291134727187455
sequía,XGBoost,1,0.08220833539962769
sequía,XGBoost,1,0.9987748265266418
sequía,XGBoost,0,5.1418424845905975e-05
sequía,XGBoost,0,5.7997174735646695e-05
sequía,XGBoost,0,0.00011400839139241725
sequía,XGBoost,0,4.79477530461736e-05
sequía,XGBoost,0,4.8540638090344146e-05
sequía,XGBoost,0,3.341670162626542e-05
sequía,XGBoost,1,0.7127381563186646
sequía,XGBoost,0,0.0031540212221443653
sequía,XGBoost,0,0.0011902648257091641
sequía,XGBoost,0,0.0001425171794835478
sequía,XGBoost,0,5.4663873015670106e-05
sequía,XGBoost,0,0.03452293574810028
sequía,XGBoost,1,0.9995352029800415
sequía,XGBoost,0,0.00042904072324745357
sequía,XGBoost,1,0.9988816380500793
sequía,XGBoost,0,0.0005559903220273554
sequía,XGBoost,0,0.00019950377463828772
sequía,XGBoost,1,0.9981833100318909
sequía,XGBoost,1,0.8003668189048767
sequía,XGBoost,0,4.153027111897245e-05
sequía,XGBoost,1,0.9989526271820068
sequía,XGBoost,0,4.718840500572696e-05
sequía,XGBoost,0,9.058721479959786e-05
sequía,XGBoost,1,0.9959810972213745
sequía,XGBoost,1,0.9994999170303345
sequía,XGBoost,0,3.0187988159013912e-05
sequía,XGBoost,0,0.0004172081535216421
sequía,XGBoost,1,0.999846339225769
sequía,XGBoost,1,0.9990572333335876
sequía,XGBoost,0,0.00018134475976694375
sequía,XGBoost,0,0.00013084763486403972
sequía,XGBoost,0,0.0014780041528865695
sequía,XGBoost,0,0.0020165268797427416
sequía,XGBoost,0,4.064714448759332e-05
sequía,XGBoost,1,0.964292585849762
sequía,XGBoost,0,5.563989179790951e-05
sequía,XGBoost,1,0.9989047050476074
sequía,XGBoost,0,0.0002767171827144921
sequía,XGBoost,0,6.807272438891232e-05
sequía,XGBoost,0,9.006782056530938e-05
sequía,XGBoost,0,0.0003905964258592576
sequía,XGBoost,0,0.0005169976502656937
sequía,XGBoost,1,0.9927821159362793
sequía,XGBoost,0,0.001150608528405428
sequía,XGBoost,0,0.00011276253644609824
sequía,XGBoost,0,4.104073377675377e-05
sequía,XGBoost,1,0.9972733855247498
sequía,XGBoost,0,0.00016564392717555165
sequía,XGBoost,0,4.299149077269249e-05
sequía,XGBoost,0,3.1786359613761306e-05
sequía,XGBoost,0,6.672269228147343e-05
sequía,XGBoost,0,6.679896614514291e-05
sequía,XGBoost,0,5.044617137173191e-05
sequía,XGBoost,0,5.825486732646823e-05
sequía,XGBoost,0,0.002227348741143942
sequía,XGBoost,0,3.483279579086229e-05
sequía,XGBoost,1,0.9907500147819519
sequía,XGBoost,0,0.0008566480246372521
sequía,XGBoost,0,5.3657524404115975e-05
sequía,XGBoost,0,4.7568151785526425e-05
sequía,XGBoost,0,0.05806359276175499
sequía,XGBoost,0,0.0023814316373318434
sequía,XGBoost,0,5.951502316747792e-05
sequía,XGBoost,0,4.2090781789738685e-05
sequía,XGBoost,0,5.434235208667815e-05
sequía,XGBoost,0,8.051091572269797e-05
sequía,XGBoost,1,0.9410667419433594
sequía,XGBoost,0,4.145651473663747e-05
sequía,XGBoost,0,3.585100785130635e-05
sequía,XGBoost,0,4.44450051872991e-05
sequía,XGBoost,0,0.6433170437812805
sequía,XGBoost,1,0.9888238310813904
sequía,XGBoost,0,3.2351104891858995e-05
sequía,XGBoost,0,0.0001379768509650603
sequía,XGBoost,1,0.7800874710083008
sequía,XGBoost,0,0.00013536839105654508
sequía,XGBoost,0,0.035356126725673676
sequía,XGBoost,0,0.00126513687428087
sequía,XGBoost,1,0.8937316536903381
sequía,XGBoost,0,6.061636304366402e-05
sequía,XGBoost,0,9.558612509863451e-05
sequía,XGBoost,0,3.0101256925263442e-05
sequía,XGBoost,1,0.9935997724533081
sequía,XGBoost,0,0.0005849620793014765
sequía,XGBoost,1,0.8682027459144592
sequía,XGBoost,0,6.128103996161371e-05
sequía,XGBoost,0,4.018859181087464e-05
sequía,XGBoost,0,0.0014010618906468153
sequía,XGBoost,1,0.9878979325294495
sequía,XGBoost,0,4.964522668160498e-05
sequía,XGBoost,0,0.001876857946626842
sequía,XGBoost,0,5.149237404111773e-05
sequía,XGBoost,0,0.0037353031802922487
sequía,XGBoost,1,0.9943477511405945
sequía,XGBoost,1,0.9913088083267212
sequía,XGBoost,0,0.0009377943351864815
sequía,XGBoost,0,4.315937985666096e-05
sequía,XGBoost,0,9.070494706975296e-05
sequía,XGBoost,0,6.269333971431479e-05
sequía,XGBoost,0,0.0006527284858748317
sequía,XGBoost,0,0.0005957093089818954
sequía,XGBoost,0,9.183638030663133e-05
sequía,XGBoost,0,5.853217953699641e-05
sequía,XGBoost,0,0.0008035294595174491
sequía,XGBoost,0,3.999269029009156e-05
sequía,XGBoost,0,0.0021280148066580296
sequía,XGBoost,0,4.014683872810565e-05
sequía,XGBoost,1,0.7750282287597656
sequía,XGBoost,0,6.351080082822591e-05
sequía,XGBoost,1,0.9739615321159363
sequía,XGBoost,1,0.9997724890708923
sequía,XGBoost,0,0.0008794612367637455
sequía,XGBoost,1,0.994441568851471
sequía,XGBoost,0,0.0012788488529622555
sequía,XGBoost,1,0.9935173988342285
sequía,XGBoost,0,0.0009868413908407092
sequía,XGBoost,0,0.00010520431533223018
sequía,XGBoost,0,0.028028454631567
sequía,XGBoost,1,0.03532039001584053
sequía,XGBoost,0,7.462586654582992e-05
sequía,XGBoost,0,7.475457096006721e-05
sequía,XGBoost,0,0.005827128887176514
sequía,XGBoost,0,0.0017361580394208431
sequía,XGBoost,0,0.0002616444253362715
sequía,XGBoost,0,9.236694313585758e-05
sequía,XGBoost,0,5.3747349738841876e-05
sequía,XGBoost,0,0.0012852938380092382
sequía,XGBoost,0,3.0945229809731245e-05
sequía,XGBoost,0,0.0004466584068723023
sequía,XGBoost,0,4.541484304354526e-05
sequía,XGBoost,0,0.00011944563448196277
sequía,XGBoost,0,3.426770490477793e-05
sequía,XGBoost,0,3.1697334634372965e-05
sequía,XGBoost,1,0.9997369647026062
sequía,XGBoost,0,0.00010727465996751562
sequía,XGBoost,1,0.9995691180229187
sequía,XGBoost,0,5.098343171994202e-05
sequía,XGBoost,0,0.0007155592902563512
sequía,XGBoost,0,0.005092229228466749
sequía,XGBoost,0,6.0256676079006866e-05
sequía,XGBoost,0,0.00016178951773326844
sequía,XGBoost,0,0.0076903109438717365
sequía,XGBoost,0,4.029220508527942e-05
sequía,XGBoost,0,4.8754642193671316e-05
sequía,XGBoost,1,0.9944203495979309
sequía,XGBoost,0,0.047140542417764664
sequía,XGBoost,0,0.00026053274632431567
sequía,XGBoost,0,3.920808376278728e-05
sequía,XGBoost,0,0.003592655062675476
sequía,XGBoost,1,0.998963475227356
sequía,XGBoost,0,0.00020354126172605902
sequía,XGBoost,0,5.0713490054477006e-05
sequía,XGBoost,0,8.734759467188269e-05
sequía,XGBoost,0,4.417027594172396e-05
sequía,XGBoost,0,0.001941972179338336
sequía,XGBoost,0,0.0003583501966204494
sequía,XGBoost,0,0.0002605699992273003
sequía,XGBoost,0,5.484155553858727e-05
sequía,XGBoost,0,5.657659130520187e-05
sequía,XGBoost,0,0.00010824610944837332
sequía,XGBoost,1,0.9991675615310669
sequía,XGBoost,0,0.00032852726872079074
sequía,XGBoost,1,0.9693273305892944
sequía,XGBoost,0,0.00010904134978773072
sequía,XGBoost,0,8.437044743914157e-05
sequía,XGBoost,0,0.0797940045595169
sequía,XGBoost,0,7.72367202444002e-05
sequía,XGBoost,0,0.001172548858448863
sequía,XGBoost,0,0.05289663001894951
sequía,XGBoost,0,0.0067472197115421295
sequía,XGBoost,1,0.991108775138855
sequía,XGBoost,0,8.290528057841584e-05
sequía,XGBoost,0,0.00016858152230270207
sequía,XGBoost,0,0.00028522219508886337
sequía,XGBoost,0,0.0006617917097173631
sequía,XGBoost,1,0.9972596168518066
sequía,XGBoost,0,0.00016276231326628476
sequía,XGBoost,0,7.988899596966803e-05
sequía,XGBoost,0,0.005331477150321007
sequía,XGBoost,0,4.92483341076877e-05
sequía,XGBoost,0,7.390190148726106e-05
sequía,XGBoost,0,0.014584518037736416
sequía,XGBoost,1,0.9985260963439941
sequía,XGBoost,0,6.509057857329026e-05
sequía,XGBoost,0,0.00027618923923000693
sequía,XGBoost,0,5.7162837038049474e-05
sequía,XGBoost,0,3.70108027709648e-05
sequía,XGBoost,0,5.511449489858933e-05
sequía,XGBoost,0,6.583211506949738e-05
sequía,XGBoost,0,0.006217166781425476
sequía,XGBoost,0,0.0001509223075117916
sequía,XGBoost,1,0.9715599417686462
sequía,XGBoost,0,0.0005946524906903505
sequía,XGBoost,0,0.00017966445011552423
sequía,XGBoost,0,9.184417285723612e-05
sequía,XGBoost,0,0.00010569410369498655
sequía,XGBoost,0,0.00021270252182148397
sequía,XGBoost,1,0.9747777581214905
sequía,XGBoost,0,7.110688602551818e-05
sequía,XGBoost,0,0.000425705366069451
sequía,XGBoost,1,0.1666136533021927
sequía,XGBoost,0,3.122840644209646e-05
sequía,XGBoost,1,0.9986740350723267
sequía,XGBoost,0,0.00012259389040991664
sequía,XGBoost,1,0.8292626738548279
sequía,XGBoost,0,3.145559094264172e-05
sequía,XGBoost,0,0.1362742781639099
sequía,XGBoost,0,0.00020304658391978592
sequía,XGBoost,0,0.0001439004554413259
sequía,XGBoost,0,0.0010606145951896906
sequía,XGBoost,1,0.9995986819267273
sequía,XGBoost,0,8.075720688793808e-05
sequía,XGBoost,0,5.160130240255967e-05
sequía,XGBoost,0,0.0046673729084432125
sequía,XGBoost,0,0.07419227063655853
sequía,XGBoost,0,0.000762567447964102
sequía,XGBoost,0,0.004243395756930113
sequía,XGBoost,0,0.0009237665799446404
sequía,XGBoost,0,0.003143575508147478
sequía,XGBoost,0,0.03158055245876312
sequía,XGBoost,0,0.00010365722846472636
sequía,XGBoost,0,0.000699418131262064
sequía,XGBoost,0,9.155648876912892e-05
sequía,XGBoost,0,0.11897831410169601
sequía,XGBoost,0,6.781860429327935e-05
sequía,XGBoost,0,4.46931371698156e-05
sequía,XGBoost,0,5.229204543866217e-05
sequía,RandomForest,0,0.008
sequía,RandomForest,0,0.0
sequía,RandomForest,1,0.996
sequía,RandomForest,0,0.018
sequía,RandomForest,0,0.0
sequía,RandomForest,1,0.982
sequía,RandomForest,1,0.976
sequía,RandomForest,1,0.634
sequía,RandomForest,0,0.0
sequía,RandomForest,0,0.01
sequía,RandomForest,0,0.078
sequía,RandomForest,0,0.002
sequía,RandomForest,0,0.0
sequía,RandomForest,1,0.568
sequía,RandomForest,0,0.018
sequía,RandomForest,0,0.004
sequía,RandomForest,0,0.0
sequía,RandomForest,0,0.0
sequía,RandomForest,0,0.002
sequía,RandomForest,0,0.386
sequía,RandomForest,1,0.984
sequía,RandomForest,0,0.0
sequía,RandomForest,0,0.0
sequía,RandomForest,0,0.0
sequía,RandomForest,0,0.006
sequía,RandomForest,0,0.008
sequía,RandomForest,0,0.0
sequía,RandomForest,0,0.0
sequía,RandomForest,0,0.086
sequía,RandomForest,1,0.986
sequía,RandomForest,0,0.0
sequía,RandomForest,0,0.01
sequía,RandomForest,0,0.208
sequía,RandomForest,0,0.0
sequía,RandomForest,1,0.976
sequía,RandomForest,0,0.008
sequía,RandomForest,0,0.018
sequía,RandomForest,1,0.984
sequía,RandomForest,0,0.0
sequía,RandomForest,0,0.18
sequía,RandomForest,0,0.0
sequía,RandomForest,1,0.986
sequía,RandomForest,0,0.054
sequía,RandomForest,0,0.008
sequía,RandomForest,0,0.082
sequía,RandomForest,0,0.0
sequía,RandomForest,0,0.0
sequía,RandomForest,0,0.002
sequía,RandomForest,0,0.006
sequía,RandomForest,0,0.326
sequía,RandomForest,0,0.024
sequía,RandomForest,0,0.0
sequía,RandomForest,0,0.022
sequía,RandomForest,0,0.004
sequía,RandomForest,0,0.0
sequía,RandomForest,0,0.092
sequía,RandomForest,0,0.008
sequía,RandomForest,0,0.002
sequía,RandomForest,1,0.734
sequía,RandomForest,0,0.124
sequía,RandomForest,0,0.0
sequía,RandomForest,0,0.008
sequía,RandomForest,0,0.208
sequía,RandomForest,0,0.008
sequía,RandomForest,0,0.004
sequía,RandomForest,1,0.896
sequía,RandomForest,0,0.0
sequía,RandomForest,0,0.002
sequía,RandomForest,1,0.966
sequía,RandomForest,0,0.436
sequía,RandomForest,0,0.0
sequía,RandomForest,0,0.0
sequía,RandomForest,0,0.018
sequía,RandomForest,0,0.096
sequía,RandomForest,0,0.096
sequía,RandomForest,0,0.0
sequía,RandomForest,0,0.006
sequía,RandomForest,0,0.002
sequía,RandomForest,0,0.278
sequía,RandomForest,0,0.07
sequía,RandomForest,0,0.462
sequía,RandomForest,0,0.002
sequía,RandomForest,0,0.0
sequía,RandomForest,1,0.394
sequía,RandomForest,0,0.368
sequía,RandomForest,0,0.004
sequía,RandomForest,0,0.008
sequía,RandomForest,0,0.002
sequía,RandomForest,0,0.064
sequía,RandomForest,1,0.916
sequía,RandomForest,0,0.0
sequía,RandomForest,1,0.624
sequía,RandomForest,0,0.0
sequía,RandomForest,0,0.002
sequía,RandomForest,0,0.0
sequía,RandomForest,0,0.01
sequía,RandomForest,0,0.004
sequía,RandomForest,0,0.012
sequía,RandomForest,0,0.158
sequía,RandomForest,0,0.008
sequía,RandomForest,0,0.0
sequía,RandomForest,0,0.018
sequía,RandomForest,1,0.986
sequía,RandomForest,0,0.046
sequía,RandomForest,0,0.064
sequía,RandomForest,0,0.018
sequía,RandomForest,0,0.0
sequía,RandomForest,0,0.0
sequía,RandomForest,0,0.086
sequía,RandomForest,0,0.092
sequía,RandomForest,0,0.002
sequía,RandomForest,0,0.002
sequía,RandomForest,0,0.0
sequía,RandomForest,0,0.0
sequía,RandomForest,0,0.004
sequía,RandomForest,0,0.038
sequía,RandomForest,0,0.002
sequía,RandomForest,0,0.012
sequía,RandomForest,1,0.936
sequía,RandomForest,0,0.002
sequía,RandomForest,0,0.036
sequía,RandomForest,0,0.092
sequía,RandomForest,0,0.006
sequía,RandomForest,0,0.002
sequía,RandomForest,1,0.53
sequía,RandomForest,0,0.012
sequía,RandomForest,0,0.0
sequía,RandomForest,0,0.004
sequía,RandomForest,0,0.038
sequía,RandomForest,0,0.138
sequía,RandomForest,1,0.974
sequía,RandomForest,0,0.0
sequía,RandomForest,1,0.976
sequía,RandomForest,0,0.002
sequía,RandomForest,1,0.548
sequía,RandomForest,0,0.0
sequía,RandomForest,1,0.94
sequía,RandomForest,0,0.004
sequía,RandomForest,0,0.0
sequía,RandomForest,0,0.0
sequía,RandomForest,0,0.106
sequía,RandomForest,0,0.002
sequía,RandomForest,0,0.3
sequía,RandomForest,0,0.058
sequía,RandomForest,0,0.002
sequía,RandomForest,0,0.002
sequía,RandomForest,1,0.448
sequía,RandomForest,1,0.946
sequía,RandomForest,0,0.006
sequía,RandomForest,0,0.004
sequía,RandomForest,1,0.984
sequía,RandomForest,0,0.004
sequía,RandomForest,0,0.002
sequía,RandomForest,0,0.044
sequía,RandomForest,1,0.966
sequía,RandomForest,0,0.002
sequía,RandomForest,0,0.098
sequía,RandomForest,0,0.178
sequía,RandomForest,1,0.496
sequía,RandomForest,1,0.884
sequía,RandomForest,0,0.044
sequía,RandomForest,1,0.962
sequía,RandomForest,1,0.964
sequía,RandomForest,0,0.0
sequía,RandomForest,0,0.0
sequía,RandomForest,0,0.0
sequía,RandomForest,0,0.032
sequía,RandomForest,0,0.0
sequía,RandomForest,0,0.006
sequía,RandomForest,0,0.0
sequía,RandomForest,1,0.988
sequía,RandomForest,0,0.002
sequía,RandomForest,0,0.214
sequía,RandomForest,1,0.96
sequía,RandomForest,1,0.476
sequía,RandomForest,1,0.89
sequía,RandomForest,0,0.0
sequía,RandomForest,0,0.008
sequía,RandomForest,0,0.002
sequía,RandomForest,0,0.0
sequía,RandomForest,0,0.0
sequía,RandomForest,0,0.258
sequía,RandomForest,1,0.908
sequía,RandomForest,0,0.0
sequía,RandomForest,0,0.004
sequía,RandomForest,0,0.006
sequía,RandomForest,0,0.014
sequía,RandomForest,0,0.012
sequía,RandomForest,0,0.042
sequía,RandomForest,0,0.002
sequía,RandomForest,0,0.002
sequía,RandomForest,0,0.014
sequía,RandomForest,0,0.004
sequía,RandomForest,0,0.012
sequía,RandomForest,0,0.004
sequía,RandomForest,0,0.0
sequía,RandomForest,0,0.0
sequía,RandomForest,0,0.0
sequía,RandomForest,0,0.002
sequía,RandomForest,0,0.002
sequía,RandomForest,0,0.0
sequía,RandomForest,0,0.0
sequía,RandomForest,0,0.31
sequía,RandomForest,0,0.018
sequía,RandomForest,0,0.222
sequía,RandomForest,0,0.0
sequía,RandomForest,0,0.006
sequía,RandomForest,0,0.036
sequía,RandomForest,1,0.982
sequía,RandomForest,0,0.732
sequía,RandomForest,1,0.958
sequía,RandomForest,0,0.0
sequía,RandomForest,1,0.976
sequía,RandomForest,0,0.094
sequía,RandomForest,0,0.0
sequía,RandomForest,0,0.044
sequía,RandomForest,0,0.0
sequía,RandomForest,1,0.996
sequía,RandomForest,0,0.024
sequía,RandomForest,0,0.04
sequía,RandomForest,1,0.888
sequía,RandomForest,0,0.004
sequía,RandomForest,0,0.008
sequía,RandomForest,0,0.012
sequía,RandomForest,0,0.086
sequía,RandomForest,0,0.0
sequía,RandomForest,0,0.002
sequía,RandomForest,1,0.98
sequía,RandomForest,0,0.18
sequía,RandomForest,0,0.076
sequía,RandomForest,0,0.016
sequía,RandomForest,0,0.05
sequía,RandomForest,0,0.136
sequía,RandomForest,0,0.0
sequía,RandomForest,0,0.042
sequía,RandomForest,1,0.874
sequía,RandomForest,0,0.004
sequía,RandomForest,0,0.198
sequía,RandomForest,0,0.18
sequía,RandomForest,0,0.002
sequía,RandomForest,0,0.0
sequía,RandomForest,0,0.0
sequía,RandomForest,0,0.0
sequía,RandomForest,1,0.864
sequía,RandomForest,0,0.0
sequía,RandomForest,0,0.0
sequía,RandomForest,0,0.0
sequía,RandomForest,1,0.526
sequía,RandomForest,1,0.976
sequía,RandomForest,0,0.224
sequía,RandomForest,0,0.016
sequía,RandomForest,0,0.0
sequía,RandomForest,0,0.038
sequía,RandomForest,0,0.102
sequía,RandomForest,0,0.0
sequía,RandomForest,0,0.004
sequía,RandomForest,0,0.0
sequía,RandomForest,0,0.0
sequía,RandomForest,0,0.0
sequía,RandomForest,0,0.002
sequía,RandomForest,0,0.0
sequía,RandomForest,1,0.46
sequía,RandomForest,0,0.014
sequía,RandomForest,0,0.022
sequía,RandomForest,0,0.006
sequía,RandomForest,0,0.0
sequía,RandomForest,0,0.0
sequía,RandomForest,0,0.0
sequía,RandomForest,1,0.986
sequía,RandomForest,0,0.0
sequía,RandomForest,0,0.006
sequía,RandomForest,0,0.002
sequía,RandomForest,0,0.076
sequía,RandomForest,1,0.502
sequía,RandomForest,0,0.018
sequía,RandomForest,0,0.672
sequía,RandomForest,1,0.97
sequía,RandomForest,0,0.002
sequía,RandomForest,0,0.01
sequía,RandomForest,0,0.012
sequía,RandomForest,1,0.84
sequía,RandomForest,0,0.076
sequía,RandomForest,0,0.014
sequía,RandomForest,0,0.114
sequía,RandomForest,0,0.0
sequía,RandomForest,0,0.004
sequía,RandomForest,0,0.016
sequía,RandomForest,0,0.0
sequía,RandomForest,0,0.01
sequía,RandomForest,0,0.244
sequía,RandomForest,0,0.0
sequía,RandomForest,0,0.01
sequía,RandomForest,0,0.0
sequía,RandomForest,0,0.004
sequía,RandomForest,0,0.034
sequía,RandomForest,0,0.014
sequía,RandomForest,0,0.42
sequía,RandomForest,0,0.0
sequía,RandomForest,0,0.002
sequía,RandomForest,0,0.0
sequía,RandomForest,0,0.06
sequía,RandomForest,0,0.004
sequía,RandomForest,1,0.844
sequía,RandomForest,0,0.002
sequía,RandomForest,0,0.006
sequía,RandomForest,0,0.012
sequía,RandomForest,0,0.006
sequía,RandomForest,0,0.004
sequía,RandomForest,0,0.044
sequía,RandomForest,0,0.016
sequía,RandomForest,0,0.002
sequía,RandomForest,0,0.04
sequía,RandomForest,0,0.0
sequía,RandomForest,0,0.002
sequía,RandomForest,0,0.416
sequía,RandomForest,0,0.0
sequía,RandomForest,0,0.0
sequía,RandomForest,0,0.088
sequía,RandomForest,0,0.244
sequía,RandomForest,0,0.008
sequía,RandomForest,0,0.01
sequía,RandomForest,1,0.626
sequía,RandomForest,0,0.022
sequía,RandomForest,0,0.0
sequía,RandomForest,0,0.0
sequía,RandomForest,0,0.02
sequía,RandomForest,0,0.004
sequía,RandomForest,0,0.0
sequía,RandomForest,0,0.002
sequía,RandomForest,0,0.0
sequía,RandomForest,0,0.012
sequía,RandomForest,0,0.056
sequía,RandomForest,0,0.0
sequía,RandomForest,0,0.0
sequía,RandomForest,0,0.0
sequía,RandomForest,0,0.008
sequía,RandomForest,0,0.002
sequía,RandomForest,0,0.0
sequía,RandomForest,0,0.034
sequía,RandomForest,0,0.008
sequía,RandomForest,0,0.0
sequía,RandomForest,0,0.0
sequía,RandomForest,0,0.002
sequía,RandomForest,0,0.028
sequía,RandomForest,0,0.0
sequía,RandomForest,0,0.018
sequía,RandomForest,0,0.01
sequía,RandomForest,0,0.0
sequía,RandomForest,1,0.986
sequía,RandomForest,1,0.786
sequía,RandomForest,1,0.914
sequía,RandomForest,0,0.37
sequía,RandomForest,0,0.01
sequía,RandomForest,0,0.0
sequía,RandomForest,0,0.006
sequía,RandomForest,1,0.88
sequía,RandomForest,0,0.002
sequía,RandomForest,0,0.0
sequía,RandomForest,0,0.0
sequía,RandomForest,0,0.0
sequía,RandomForest,1,0.914
sequía,RandomForest,0,0.0
sequía,RandomForest,0,0.024
sequía,RandomForest,0,0.0
sequía,RandomForest,0,0.042
sequía,RandomForest,0,0.0
sequía,RandomForest,0,0.25
sequía,RandomForest,1,0.988
sequía,RandomForest,0,0.0
sequía,RandomForest,0,0.108
sequía,RandomForest,0,0.0
sequía,RandomForest,1,0.986
sequía,RandomForest,0,0.27
sequía,RandomForest,0,0.004
sequía,RandomForest,1,0.294
sequía,RandomForest,0,0.318
sequía,RandomForest,0,0.004
sequía,RandomForest,1,0.76
sequía,RandomForest,0,0.0
sequía,RandomForest,0,0.0
sequía,RandomForest,0,0.008
sequía,RandomForest,0,0.01
sequía,RandomForest,0,0.004
sequía,RandomForest,0,0.014
sequía,RandomForest,0,0.002
sequía,RandomForest,0,0.0
sequía,RandomForest,0,0.002
sequía,RandomForest,0,0.0
sequía,RandomForest,0,0.018
sequía,RandomForest,0,0.008
sequía,RandomForest,1,0.966
sequía,RandomForest,0,0.05
sequía,RandomForest,1,0.504
sequía,RandomForest,0,0.056
sequía,RandomForest,0,0.002
sequía,RandomForest,0,0.036
sequía,RandomForest,0,0.044
sequía,RandomForest,1,0.2
sequía,RandomForest,1,0.504
sequía,RandomForest,0,0.012
sequía,RandomForest,0,0.004
sequía,RandomForest,0,0.08
sequía,RandomForest,0,0.0
sequía,RandomForest,0,0.074
sequía,RandomForest,1,0.898
sequía,RandomForest,0,0.096
sequía,RandomForest,0,0.008
sequía,RandomForest,0,0.036
sequía,RandomForest,0,0.0
sequía,RandomForest,0,0.004
sequía,RandomForest,0,0.022
sequía,RandomForest,1,0.858
sequía,RandomForest,0,0.004
sequía,RandomForest,0,0.008
sequía,RandomForest,0,0.0
sequía,RandomForest,0,0.006
sequía,RandomForest,0,0.004
sequía,RandomForest,0,0.004
sequía,RandomForest,0,0.036
sequía,RandomForest,0,0.006
sequía,RandomForest,1,0.694
sequía,RandomForest,0,0.0
sequía,RandomForest,1,0.878
sequía,RandomForest,0,0.012
sequía,RandomForest,0,0.082
sequía,RandomForest,0,0.008
sequía,RandomForest,0,0.07
sequía,RandomForest,0,0.01
sequía,RandomForest,0,0.0
sequía,RandomForest,0,0.01
sequía,RandomForest,0,0.096
sequía,RandomForest,1,0.664
sequía,RandomForest,0,0.004
sequía,RandomForest,0,0.238
sequía,RandomForest,0,0.002
sequía,RandomForest,0,0.0
sequía,RandomForest,0,0.0
sequía,RandomForest,0,0.006
sequía,RandomForest,0,0.0
sequía,RandomForest,0,0.19
sequía,RandomForest,0,0.0
sequía,RandomForest,0,0.184
sequía,RandomForest,0,0.056
sequía,RandomForest,1,0.15
sequía,RandomForest,1,0.976
sequía,RandomForest,0,0.0
sequía,RandomForest,0,0.004
sequía,RandomForest,0,0.0
sequía,RandomForest,0,0.0
sequía,RandomForest,0,0.0
sequía,RandomForest,0,0.0
sequía,RandomForest,1,0.786
sequía,RandomForest,0,0.042
sequía,RandomForest,0,0.1
sequía,RandomForest,0,0.004
sequía,RandomForest,0,0.0
sequía,RandomForest,0,0.234
sequía,RandomForest,1,0.994
sequía,RandomForest,0,0.01
sequía,RandomForest,1,0.966
sequía,RandomForest,0,0.016
sequía,RandomForest,0,0.002
sequía,RandomForest,1,0.962
sequía,RandomForest,1,0.528
sequía,RandomForest,0,0.0
sequía,RandomForest,1,0.906
sequía,RandomForest,0,0.0
sequía,RandomForest,0,0.0
sequía,RandomForest,1,0.894
sequía,RandomForest,1,0.96
sequía,RandomForest,0,0.0
sequía,RandomForest,0,0.004
sequía,RandomForest,1,0.986
sequía,RandomForest,1,0.916
sequía,RandomForest,0,0.058
sequía,RandomForest,0,0.006
sequía,RandomForest,0,0.118
sequía,RandomForest,0,0.004
sequía,RandomForest,0,0.0
sequía,RandomForest,1,0.72
sequía,RandomForest,0,0.0
sequía,RandomForest,1,0.978
sequía,RandomForest,0,0.022
sequía,RandomForest,0,0.008
sequía,RandomForest,0,0.0
sequía,RandomForest,0,0.004
sequía,RandomForest,0,0.016
sequía,RandomForest,1,0.972
sequía,RandomForest,0,0.018
sequía,RandomForest,0,0.002
sequía,RandomForest,0,0.0
sequía,RandomForest,1,0.93
sequía,RandomForest,0,0.004
sequía,RandomForest,0,0.0
sequía,RandomForest,0,0.0
sequía,RandomForest,0,0.0
sequía,RandomForest,0,0.0
sequía,RandomForest,0,0.0
sequía,RandomForest,0,0.008
sequía,RandomForest,0,0.036
sequía,RandomForest,0,0.0
sequía,RandomForest,1,0.768
sequía,RandomForest,0,0.008
sequía,RandomForest,0,0.0
sequía,RandomForest,0,0.0
sequía,RandomForest,0,0.334
sequía,RandomForest,0,0.006
sequía,RandomForest,0,0.004
sequía,RandomForest,0,0.0
sequía,RandomForest,0,0.004
sequía,RandomForest,0,0.0
sequía,RandomForest,1,0.606
sequía,RandomForest,0,0.0
sequía,RandomForest,0,0.0
sequía,RandomForest,0,0.0
sequía,RandomForest,0,0.372
sequía,RandomForest,1,0.632
sequía,RandomForest,0,0.0
sequía,RandomForest,0,0.016
sequía,RandomForest,1,0.474
sequía,RandomForest,0,0.004
sequía,RandomForest,0,0.3
sequía,RandomForest,0,0.068
sequía,RandomForest,1,0.804
sequía,RandomForest,0,0.006
sequía,RandomForest,0,0.0
sequía,RandomForest,0,0.0
sequía,RandomForest,1,0.846
sequía,RandomForest,0,0.078
sequía,RandomForest,1,0.628
sequía,RandomForest,0,0.0
sequía,RandomForest,0,0.0
sequía,RandomForest,0,0.008
sequía,RandomForest,1,0.654
sequía,RandomForest,0,0.0
sequía,RandomForest,0,0.092
sequía,RandomForest,0,0.002
sequía,RandomForest,0,0.052
sequía,RandomForest,1,0.74
sequía,RandomForest,1,0.926
sequía,RandomForest,0,0.014
sequía,RandomForest,0,0.0
sequía,RandomForest,0,0.002
sequía,RandomForest,0,0.006
sequía,RandomForest,0,0.042
sequía,RandomForest,0,0.024
sequía,RandomForest,0,0.016
sequía,RandomForest,0,0.0
sequía,RandomForest,0,0.014
sequía,RandomForest,0,0.004
sequía,RandomForest,0,0.042
sequía,RandomForest,0,0.0
sequía,RandomForest,1,0.52
sequía,RandomForest,0,0.0
sequía,RandomForest,1,0.95
sequía,RandomForest,1,0.986
sequía,RandomForest,0,0.014
sequía,RandomForest,1,0.614
sequía,RandomForest,0,0.014
sequía,RandomForest,1,0.92
sequía,RandomForest,0,0.012
sequía,RandomForest,0,0.004
sequía,RandomForest,0,0.084
sequía,RandomForest,1,0.148
sequía,RandomForest,0,0.012
sequía,RandomForest,0,0.0
sequía,RandomForest,0,0.058
sequía,RandomForest,0,0.016
sequía,RandomForest,0,0.01
sequía,RandomForest,0,0.004
sequía,RandomForest,0,0.0
sequía,RandomForest,0,0.004
sequía,RandomForest,0,0.0
sequía,RandomForest,0,0.074
sequía,RandomForest,0,0.0
sequía,RandomForest,0,0.004
sequía,RandomForest,0,0.0
sequía,RandomForest,0,0.0
sequía,RandomForest,1,0.964
sequía,RandomForest,0,0.0
sequía,RandomForest,1,0.924
sequía,RandomForest,0,0.004
sequía,RandomForest,0,0.01
sequía,RandomForest,0,0.054
sequía,RandomForest,0,0.0
sequía,RandomForest,0,0.006
sequía,RandomForest,0,0.16
sequía,RandomForest,0,0.0
sequía,RandomForest,0,0.0
sequía,RandomForest,1,0.768
sequía,RandomForest,0,0.196
sequía,RandomForest,0,0.002
sequía,RandomForest,0,0.002
sequía,RandomForest,0,0.104
sequía,RandomForest,1,0.942
sequía,RandomForest,0,0.022
sequía,RandomForest,0,0.004
sequía,RandomForest,0,0.004
sequía,RandomForest,0,0.0
sequía,RandomForest,0,0.0
sequía,RandomForest,0,0.006
sequía,RandomForest,0,0.01
sequía,RandomForest,0,0.0
sequía,RandomForest,0,0.0
sequía,RandomForest,0,0.006
sequía,RandomForest,1,0.924
sequía,RandomForest,0,0.08
sequía,RandomForest,1,0.618
sequía,RandomForest,0,0.0
sequía,RandomForest,0,0.006
sequía,RandomForest,0,0.214
sequía,RandomForest,0,0.0
sequía,RandomForest,0,0.01
sequía,RandomForest,0,0.16
sequía,RandomForest,0,0.044
sequía,RandomForest,1,0.912
sequía,RandomForest,0,0.008
sequía,RandomForest,0,0.004
sequía,RandomForest,0,0.006
sequía,RandomForest,0,0.028
sequía,RandomForest,1,0.808
sequía,RandomForest,0,0.004
sequía,RandomForest,0,0.002
sequía,RandomForest,0,0.032
sequía,RandomForest,0,0.0
sequía,RandomForest,0,0.0
sequía,RandomForest,0,0.18
sequía,RandomForest,1,0.938
sequía,RandomForest,0,0.0
sequía,RandomForest,0,0.044
sequía,RandomForest,0,0.004
sequía,RandomForest,0,0.0
sequía,RandomForest,0,0.004
sequía,RandomForest,0,0.004
sequía,RandomForest,0,0.034
sequía,RandomForest,0,0.002
sequía,RandomForest,1,0.638
sequía,RandomForest,0,0.014
sequía,RandomForest,0,0.008
sequía,RandomForest,0,0.004
sequía,RandomForest,0,0.0
sequía,RandomForest,0,0.032
sequía,RandomForest,1,0.87
sequía,RandomForest,0,0.002
sequía,RandomForest,0,0.02
sequía,RandomForest,1,0.25
sequía,RandomForest,0,0.0
sequía,RandomForest,1,0.904
sequía,RandomForest,0,0.006
sequía,RandomForest,1,0.352
sequía,RandomForest,0,0.0
sequía,RandomForest,0,0.154
sequía,RandomForest,0,0.012
sequía,RandomForest,0,0.0
sequía,RandomForest,0,0.008
sequía,RandomForest,1,0.952
sequía,RandomForest,0,0.004
sequía,RandomForest,0,0.002
sequía,RandomForest,0,0.146
sequía,RandomForest,0,0.168
sequía,RandomForest,0,0.074
sequía,RandomForest,0,0.046
sequía,RandomForest,0,0.014
sequía,RandomForest,0,0.074
sequía,RandomForest,0,0.1
sequía,RandomForest,0,0.01
sequía,RandomForest,0,0.066
sequía,RandomForest,0,0.004
sequía,RandomForest,0,0.322
sequía,RandomForest,0,0.0
sequía,RandomForest,0,0.0
sequía,RandomForest,0,0.0
